scope,district_number,seats,fractional_seats,floor_override,target_population,actual_population,convex_hull_ratio,num_geom_parts,is_contiguous,members,district_id,scope_jurisdiction_id
Afghanistan,1,5,5.016144,f,20669683,20669683,0.843621,1,t,Badghis; Bamyan; Daykundi; Farah; Faryab; Ghanzi; Ghor; Helmand; Herat; Jowzjan; Kandahar; Khost; Logar; Nimruz; Paktia; Paktika; Sar-e Pol; Uruzgan; Wardak; Zabul,a724e48c-d288-40f4-baa9-fc22667a870e,8a4860cf-4340-4464-8570-2130fde10320
Afghanistan,2,5,4.983856,t,20536636,20536636,0.631082,1,t,Badakhshan; Baghlan; Balkh; Kabul; Kapisa; Kunar; Kunduz; Laghman; Nangarhar; Nuristan; Panjshir; Parwan; Samangan; Takhar,9d27b2cc-7fba-47f1-8a85-2daa02279578,8a4860cf-4340-4464-8570-2130fde10320
Algeria,1,6,5.973819,f,24890165,24890165,0.863680,1,t,Adrar; Annaba; Batna; Bejaia; Biskra; Bordj Bou Arreridj‎; Bouira; Béchar; Constantine; Djelfa; El Bayadh; El Oued; El Tarf; Ghardaia; Guelma; Illizi; Jijel; Khenchela; Laghouat; M'Sila; Mila; Naâma; Ouargla; Oum El Bouaghi; Saïda; Skikda; Souk Ahras; Sétif; Tamanrasset; Tindouf; Tissemsilt; Tébessa,07e5df49-e93c-4177-a0b3-1b7f0e542897,b62fde8a-57bb-46f1-9908-38c673073243
Algeria,2,5,5.026181,f,20941795,20941795,0.706302,1,t,Algiers; Aïn Defla; Aïn Témouchent; Blida; Boumerdès; Chlef; Mascara; Mostaganem; Médéa; Oran; Relizane; Sidi Bel Abbès; Tiaret; Tipaza; Tizi Ouzou; Tlemcen,2a0d6729-15a7-4684-85aa-26e686876400,b62fde8a-57bb-46f1-9908-38c673073243
Andhra Pradesh,1,7,7.108709,f,28091745,28091745,0.747849,1,t,Anantapur; Chittoor; Guntur; Kadapa(YSR); Kurnool; Prakasam; Sri Potti Sriramulu Nellore,dfbecf01-49f9-4f62-9d12-10009f935eb2,c5c5061d-a654-4e0c-aed6-10fd0a35dad5
Andhra Pradesh,2,6,5.891291,f,23280831,23280831,0.669686,2,t,East Godavari; Krishna; Srikakulam; Visakhapatnam; Vizianagaram; West Godavari; Yanam,982b6775-ba17-4c75-8317-ea456baaee45,c5c5061d-a654-4e0c-aed6-10fd0a35dad5
Anhui Province,1,5,4.985743,t,20067303,20067303,0.827859,1,t,Anqingshi; Chaohushi; Chaohushi; Dangtuxian; Dongzhixian; Fanchangxian; Gaochunxian; Guangdexian; Guichishi; Hanshanxian; Hexian; Huainingxian; Huangshanshi; Huangshanshi; Huoshanxian; Jiangpuxian; Jingdexian; Jingxian; Jixixian; Langxixian; Lujiangxian; Maanshanshi; Nanlingxian; Ningguoshi; Qianshanxian; Qimenxian; Qingyangxian; Shexian; Shitaixian; Shuchengxian; Susongxian; Taihuxian; Tongchengxian; Tonglingshi; Tonglingxian; Wangjiangxian; Wuhushi; Wuhuxian; Wuweixian; Xiuningxian; Xuanzhoushi; Yixian; Yuexixian; Zongyangxian,4a9beecc-dbe2-434c-a2b1-f701bfa79e8b,9f1fe628-cae6-4bdd-aec0-e138a7c71b39
Anhui Province,2,5,5.023164,f,20217919,20217919,0.767940,1,t,Bangbushi; Changfengxian; Chuzhoushi; Dingyuanxian; Feidongxian; Feixixian; Fengyangxian; Hefeishi; Huainanshi; Huoqiuxian; Jiashanxian; Jinzaixian; Laianxian; Liuanshi; Quanjiaoxian; Shouxian; Tianchangshi; Yingshangxian,6f2e787e-bf96-4a3a-acfd-d816705a96f1,9f1fe628-cae6-4bdd-aec0-e138a7c71b39
Anhui Province,3,5,4.991092,t,20088832,20088832,0.758866,1,t,Bozhoushi; Dafengshi; Fengtaixian; Funanxian; Fuyangshi; Fuyangshi; Guzhenxian; Huaibeishi; Huaiyuanxian; Jieshoushi; Lingbixian; Lixingxian; Mengchengxian; Shuzhoushi; Suixixian; Suzhoushi; Taihexian; Woyangxian; Wuhexian; Xiaoxian,e628d5d1-1a95-4d35-9503-004a225beb0f,9f1fe628-cae6-4bdd-aec0-e138a7c71b39
Argentina,1,5,4.988903,t,20835840,20835840,0.476031,3,t,Buenos Aires; Chubut; Ciudad Autónoma de Buenos Aires; Neuquén; Río Negro; Santa Cruz; Tierra del Fuego,abfc43f0-fc3e-460d-81c1-1f77c4602b02,2aa6ea56-4ac8-42c7-8ce8-bf0b10247be3
Argentina,2,5,5.011097,f,20928528,20928528,0.775472,1,t,Catamarca; Chaco; Corrientes; Córdoba; Formosa; Jujuy; La Pampa; La Roja; Mendoza; Misiones; Salta; San Juan; San Luis; Santa Fe; Santiago del Estero; Tucumán,cf23443a-824a-4f28-bb72-8b96d2f4aa83,2aa6ea56-4ac8-42c7-8ce8-bf0b10247be3
Bangladesh,1,8,7.996307,f,32441261,32441261,0.573110,9,t,Chittagong,6ef8724d-ea12-4947-b8c0-ede9a9415418,012617d0-cb99-4ad5-9623-d1279d3b7170
Bangladesh,2,7,7.291345,f,29581209,29581209,0.492731,3,f,Rangpur; Sylhet,12093e19-6370-4450-9d11-2e11448c37b3,012617d0-cb99-4ad5-9623-d1279d3b7170
Bangladesh,3,7,6.501306,f,26375997,26375997,0.754155,9,t,Barisal; Khulna,8452863e-17bf-4dd9-a2e3-13349dec3866,012617d0-cb99-4ad5-9623-d1279d3b7170
Bangladesh,4,8,8.211042,f,33312447,33312447,0.744339,1,t,Mymensingh; Rajshani,6945503f-2b50-4748-91f8-be2e3412f39d,012617d0-cb99-4ad5-9623-d1279d3b7170
Bihār,1,8,7.889595,f,32077143,32077143,0.706050,1,t,Arwal; Aurangabad; Bhojpur; Buxar; Gaya; Jamui; Jehanabad; Kaimur (Bhabua); Lakhisarai; Munger; Nalanda; Nawada; Rohtas; Sheikhpura,1245ec3c-4973-42bb-a68a-5a2993317b5e,3e6d7a4d-0fd1-4169-8c47-bf4965a336e2
Bihār,2,8,7.993634,f,32500141,32500141,0.732632,1,t,Araria; Banka; Bhagalpur; Katihar; Khagaria; Kishanganj; Madhepura; Purnia; Saharsa; Supaul,3bf841ac-e6eb-4b9c-bd5f-a514f02989e5,3e6d7a4d-0fd1-4169-8c47-bf4965a336e2
Bihār,3,8,8.087320,f,32881045,32881045,0.597310,1,t,Gopalganj; Madhubani; Pashchim Champaran; Purba Champaran; Saran; Sheohar; Sitamarhi; Siwan,e663a213-6163-43b3-bc75-e8bb3a6c0ec8,3e6d7a4d-0fd1-4169-8c47-bf4965a336e2
Bihār,4,8,8.029451,f,32645761,32645761,0.776905,1,t,Begusarai; Darbhanga; Muzaffarpur; Patna; Samastipur; Vaishali,da9b28bf-47c4-4c9f-b6cb-05d54ab92ced,3e6d7a4d-0fd1-4169-8c47-bf4965a336e2
Brazil,1,8,8.362563,f,33706225,33706225,0.741018,1,t,Acre; Amapa; Amazonas; Distrito Federal; Goias; Mato Grosso; Mato Grosso do Sul; Para; Rondonia; Roraima,84238771-b035-46b9-bcc3-c20af05b1126,8865c0ea-20a4-4836-bd0b-aef668dcf660
Brazil,2,8,7.788997,f,31394405,31394405,0.818062,6,t,Bombinhas; Parana; Rio Grande do Sul; Santa Catarina,d5dcc415-e9df-429e-8638-48bf20231dff,8865c0ea-20a4-4836-bd0b-aef668dcf660
Brazil,3,8,7.746129,f,31221618,31221618,0.621931,5,f,Ceara; Fernando de Noronha; Maranhao; Paraiba; Piaui; Raposa; Rio Granda do Norte; Sergipe; Tocantins,19d0f5df-d562-4fb0-9881-1eef1a7d91c7,8865c0ea-20a4-4836-bd0b-aef668dcf660
Brazil,4,9,9.419508,f,37966356,37966356,0.777984,1,t,Minas Gerais; Rio de Jeneiro,a91ce358-eab8-48f1-816a-62df0ef292c5,8865c0ea-20a4-4836-bd0b-aef668dcf660
Brazil,5,8,7.682803,f,30966379,30966379,0.620311,1,t,Alagoas; Bahia; Espirito Santo; Pernambuco,77dbbdca-0f27-4685-958e-205fab08fbc9,8865c0ea-20a4-4836-bd0b-aef668dcf660
California,1,6,5.971331,f,23479548,23479548,0.598991,9,t,Imperial; Kern; Los Angeles; Orange; Riverside; San Diego; San Luis Obispo; Santa Barbara; Ventura,60e61e3e-fe12-457f-9f04-ecac008d4362,12ad98fb-6e9e-47b2-9662-7b0dc58a1132
California,2,5,5.028669,f,19772961,19772961,0.717356,3,t,Alameda; Alpine; Amador; Butte; Calaveras; Colusa; Contra Costa; Del Norte; El Dorado; Fresno; Glenn; Humboldt; Inyo; Kings; Lake; Lassen; Madera; Marin; Mariposa; Mendocino; Merced; Modoc; Mono; Monterey; Napa; Nevada; Placer; Plumas; Sacramento; San Benito; San Bernardino; San Francisco; San Joaquin; San Mateo; Santa Clara; Santa Cruz; Shasta; Sierra; Siskiyou; Solano; Sonoma; Stanislaus; Sutter; Tehama; Trinity; Tulare; Tuolumne; Yolo; Yuba,90347898-ccda-4dd8-a8a7-633e6c29b31e,12ad98fb-6e9e-47b2-9662-7b0dc58a1132
Canada,1,5,4.997822,t,19521079,19521079,0.424417,292,f,Alberta; Ontario,3140a956-991a-48b2-b24e-65cff1029e0f,70f5b9f3-48b5-4be7-8045-f62fb883343b
Canada,2,5,5.002178,f,19538096,19538096,0.540181,6567,t,British Columbia; Manitoba; New Brunswick; Newfoundland and Labrador; Northwest Territories; Nova Scotia; Nunavut; Prince Edward Island; Quebec; Saskatchewan; Yukon,26d63554-b302-4a74-8c43-9d75b3e9f805,70f5b9f3-48b5-4be7-8045-f62fb883343b
China,1,9,8.516396,f,35108852,35108852,0.876887,1,t,Shanxi Province,7b615f78-f421-42d1-b8c8-125ddfd362ac,9cc5635f-f158-49c5-be62-9f0328ba2d66
China,2,8,7.611727,f,31379351,31379351,0.640318,1,t,Heilongjiang Province,63afe38a-4044-4870-8bce-76fd7dfbfc0a,9cc5635f-f158-49c5-be62-9f0328ba2d66
China,3,6,6.111788,f,25195853,25195853,0.529652,1,t,Gansu Province,95bb9fae-5c98-4795-8704-e1f9d80d68d5,9cc5635f-f158-49c5-be62-9f0328ba2d66
China,4,6,6.386459,f,26328184,26328184,0.829542,1,t,Xinjiang Uyghur Autonomous Region,70d913bb-1188-48cf-80f1-9f4686993e13,9cc5635f-f158-49c5-be62-9f0328ba2d66
China,5,7,7.084757,f,29206918,29206918,0.300689,2,f,Jilin Province; Tibet Autonomous Region,df42d718-9789-4b13-8d44-bc96a71d263f,9cc5635f-f158-49c5-be62-9f0328ba2d66
China,6,7,7.380038,f,30424216,30424216,0.531967,2,f,Inner Mongolia Autonomous Region; Qinghai Province,b77b81fd-a3c3-470c-acec-062ea36a4649,9cc5635f-f158-49c5-be62-9f0328ba2d66
China,7,9,9.375194,f,38649249,38649249,0.312281,2,f,Chongqing Municipality; Ningxia Ningxia Hui Autonomous Region,1447817c-1a4f-41ea-bf4e-aeb641546ee6,9cc5635f-f158-49c5-be62-9f0328ba2d66
China,8,6,5.851624,f,24123327,24123327,0.736289,3,t,Shanghai Municipality,22f16a8e-4166-40fc-a873-ce1714d2eb92,9cc5635f-f158-49c5-be62-9f0328ba2d66
China,9,9,8.814592,f,36338165,36338165,0.183669,6,t,Hainan Province; Hong Kong Special Administrative Region; Macau Special Administrative Region; Taiwan Province,b7fc2ca5-2d40-4b15-8d4b-1df75ccc8cd2,9cc5635f-f158-49c5-be62-9f0328ba2d66
China,10,9,8.867425,f,36555968,36555968,0.748612,1,t,Beijing Municipality; Tianjin Municipality,fe9cfae5-3017-4bd5-81ae-ae96da0a27ef,9cc5635f-f158-49c5-be62-9f0328ba2d66
Colombia,1,6,5.995736,f,24019617,24019617,0.741511,5,t,Amazonas; Arauca; Bogota Capital District; Boyacá; Caquetá; Casanare; Cauca; Cundinamarca; Guainía; Guaviare; Huila; Meta; Nariño; Putumayo; Santander; Tolima; Vaupés; Vichada,8ebd7c2b-e6d1-4020-871c-8d8ecfe04297,ee9fc592-86d7-4c57-ac1d-4de831c42310
Colombia,2,7,7.004264,f,28059894,28059894,0.349836,11,t,"Antioquia; Archipiélago de San Andrés, Providencia y Santa Catalina; Atlántico; Bolívar; Caldas; Cesar; Chocó; Córdoba; La Guajira; Magdalena; Norte de Santander; Quindío; Risaralda; Sucre; Valle del Cauca",f2d48966-e20e-4c91-b78a-4aa68dd921e2,ee9fc592-86d7-4c57-ac1d-4de831c42310
Democratic Republic of the Congo,1,6,5.968242,f,23893393,23893393,0.615951,1,t,Kasai; Kasai-Oriental; Lower Uele; Mongala; Nord-Ubangi; Sankuru; Sud-Ubangi; Tshuapa; Équateur,c78c17ab-ca1f-4ae0-a31f-19a3b9f987f1,6fc76783-7fee-4ad3-9cf2-59fc5f93e7f8
Democratic Republic of the Congo,2,7,6.948098,f,27816171,27816171,0.660193,2,t,Central Kasai; Haut-Katanga; Haut-Lomami; Lomami; Lualaba; South Kivu; Tanganyika,204f5789-9bf5-4fea-b562-6f8fbb7138d8,6fc76783-7fee-4ad3-9cf2-59fc5f93e7f8
Democratic Republic of the Congo,3,7,7.094905,f,28403901,28403901,0.730028,14,t,Kinshasa; Kongo-Central; Kwango; Kwilu; Mai-Ndombe,56f8cc69-575d-460d-96fe-751732daa1f6,6fc76783-7fee-4ad3-9cf2-59fc5f93e7f8
Democratic Republic of the Congo,4,6,5.988754,f,23975510,23975510,0.679587,1,t,Ituri; Maniema; North Kivu; Tshopo; Upper Uele,64ea0f9c-2a51-4b59-bf79-e78a3da2031f,6fc76783-7fee-4ad3-9cf2-59fc5f93e7f8
Dhaka,1,6,5.993029,f,22952601,22952601,0.753625,1,t,Dhaka; Faridpur; Gopalganj; Madaripur; Manikganj; Rajbari,bda5213a-02c4-452c-9ca6-2c1356e1424b,532d1ba8-7a54-451b-b7e0-fd8700db33c5
Dhaka,2,6,6.006971,f,23005998,23005998,0.598239,13,t,Gazipur; Kishoreganj; Munshiganj; Narayanganj; Narsingdi; Shariatpur; Tangail,7ae49b13-2505-4c78-9aef-e9ea5e16407d,532d1ba8-7a54-451b-b7e0-fd8700db33c5
Earth,1,9,9.065833,f,36239727,36239727,0.493997,226,t,Albania; Bosnia and Herzegovina; Bulgaria; Croatia; Greece; Kosovo; Montenegro; North Macedonia; Serbia,5a738c73-65af-4faf-a538-c6330db674db,4dc3821a-f4c4-484c-90f9-64970c6818b0
Earth,2,8,7.964155,f,31835883,31835883,0.803970,2,t,Hungary; Republic of Moldova; Romania,428ed09d-f1f7-4ff9-9d84-21e2236ee57a,4dc3821a-f4c4-484c-90f9-64970c6818b0
Earth,3,9,9.134895,f,36515796,36515796,0.408677,6,t,Austria; Czechia; Holy See; Liechtenstein; San Marino; Slovakia; Slovenia; Switzerland,fa0f5295-a554-4e58-a83e-9aca94299016,4dc3821a-f4c4-484c-90f9-64970c6818b0
Earth,4,8,8.126704,f,32485655,32485655,0.586228,9,t,Cameroon; Equatorial Guinea; Gabon; Sao Tome and Principe,54e20fa9-b0a6-4ed9-98db-ef2b050b5237,4dc3821a-f4c4-484c-90f9-64970c6818b0
Earth,5,9,9.174497,f,36674099,36674099,0.379189,29,t,Antarctica; Eswatini; Lesotho; Mozambique,d82751cf-6e6b-4969-9f7e-fef3a9580234,4dc3821a-f4c4-484c-90f9-64970c6818b0
Earth,6,9,9.382913,f,37507221,37507221,0.662099,16,t,Morocco,722ee142-d1c4-4651-854a-4104d091a6d6,4dc3821a-f4c4-484c-90f9-64970c6818b0
Earth,7,7,7.007245,f,28010735,28010735,0.822128,144,t,Guinea; Liberia; Sierra Leone,2d775a33-0c54-4566-9fc8-939905269472,4dc3821a-f4c4-484c-90f9-64970c6818b0
Earth,8,9,9.053893,f,36191998,36191998,0.765123,2,t,Angola,6f0e23bd-d7c5-49c9-9077-a97738642e58,4dc3821a-f4c4-484c-90f9-64970c6818b0
Earth,9,5,5.201479,f,20792372,20792372,0.558695,3,t,Malawi,2462a519-153e-46c9-a377-5b5e7eaaf0ff,4dc3821a-f4c4-484c-90f9-64970c6818b0
Earth,10,6,6.417600,f,25653689,25653689,0.837986,1,t,Niger,19b384b8-2bfc-4f29-a34d-ea83cefb5f24,4dc3821a-f4c4-484c-90f9-64970c6818b0
Earth,11,6,5.858077,f,23417055,23417055,0.690518,1,t,Mali,271f1671-d117-4f19-a148-e693800b147c,4dc3821a-f4c4-484c-90f9-64970c6818b0
Earth,12,9,9.065440,f,36238158,36238158,0.233225,2316,t,Andorra; Faroe Islands; Gibraltar; Greenland; Guernsey; Iceland; Ireland; Isle of Man; Libya; Malta; Monaco; Portugal; Tunisia,37a53ada-42a2-429e-843a-0662105d46dc,4dc3821a-f4c4-484c-90f9-64970c6818b0
Earth,13,6,5.781594,f,23111324,23111324,0.797249,1,t,Benin; Togo,ec674a16-d45a-49ca-a3da-0c47672cef73,4dc3821a-f4c4-484c-90f9-64970c6818b0
Earth,14,6,5.576914,f,22293137,22293137,0.531337,1,t,Central African Republic; Congo; South Sudan,4cf13ea2-b64c-42ee-8082-e4ed2e73e131,4dc3821a-f4c4-484c-90f9-64970c6818b0
Earth,15,5,5.103949,f,20402506,20402506,0.066919,48,t,Saint Helena; Zambia,1a1b8e16-6ea6-4e3a-a42f-9340983adbb1,4dc3821a-f4c4-484c-90f9-64970c6818b0
Earth,16,5,4.695080,t,18768096,18768096,0.850811,1,t,Chad,61e00933-7d29-4d44-8413-e349fae4c9ee,4dc3821a-f4c4-484c-90f9-64970c6818b0
Earth,17,5,5.402862,f,21597381,21597381,0.806913,1,t,Botswana; Namibia; Zimbabwe,e3215007-33a2-49db-a14a-c016a433f414,4dc3821a-f4c4-484c-90f9-64970c6818b0
Earth,18,7,7.032403,f,28111302,28111302,0.534015,50,t,Cabo Verde; Gambia; Guinea-Bissau; Mauritania; Senegal,fbfffbac-54f5-40e4-8a0b-f4b2c785b632,4dc3821a-f4c4-484c-90f9-64970c6818b0
Earth,19,8,7.551358,f,30185771,30185771,0.828456,2,t,Côte d'Ivoire,eef42d6b-750c-4303-8699-0c73e197f5f8,4dc3821a-f4c4-484c-90f9-64970c6818b0
Earth,20,6,5.706650,f,22811743,22811743,0.777187,1,t,Burkina Faso,619111a1-6665-4583-ae24-a77e305f6064,4dc3821a-f4c4-484c-90f9-64970c6818b0
Earth,21,8,8.346510,f,33364307,33364307,0.857899,1,t,Ghana,db86bd85-24be-4588-ad1d-209ef974183f,4dc3821a-f4c4-484c-90f9-64970c6818b0
Earth,22,7,6.896625,f,27568545,27568545,0.707171,13,t,Kazakhstan; Turkmenistan,f376ba20-29f0-44f3-867b-03a95dcc7325,4dc3821a-f4c4-484c-90f9-64970c6818b0
Earth,23,9,8.816725,f,35243942,35243942,0.585377,5,t,Uzbekistan,ea20ca33-6538-4fdd-bce3-716cd4bfa4f6,4dc3821a-f4c4-484c-90f9-64970c6818b0
Earth,24,9,8.836127,f,35321502,35321502,0.278357,101,t,Brunei Darussalam; Malaysia,ec503250-6b72-423c-bfe0-1a0f75920dab,4dc3821a-f4c4-484c-90f9-64970c6818b0
Earth,25,7,7.129343,f,28498808,28498808,0.023844,1874,f,American Samoa; Cook Islands; Ecuador; French Polynesia; Niue; Paraguay; Pitcairn Islands; Samoa; Tokelau; Tonga; Uruguay; Wallis and Futuna Islands,92a1cfe3-9ddf-46fa-b407-0789a3f57fd1,4dc3821a-f4c4-484c-90f9-64970c6818b0
Earth,26,8,7.884525,f,31517572,31517572,0.118401,655,t,Bolivia (Plurinational State of); Chile; Falkland Islands (Malvinas),85d53737-6d46-450a-8bef-125f1e39b119,4dc3821a-f4c4-484c-90f9-64970c6818b0
Earth,27,8,8.278802,f,33093653,33093653,0.720424,4,t,Peru,7bd7357d-e70d-4110-9872-a06425915693,4dc3821a-f4c4-484c-90f9-64970c6818b0
Earth,28,6,6.250932,f,24987453,24987453,0.741224,8,t,Israel; Jordan; State of Palestine,21bd3a01-f613-4a27-aeeb-72f7a2c46a48,4dc3821a-f4c4-484c-90f9-64970c6818b0
Earth,29,8,8.218261,f,32851647,32851647,0.853304,102,t,Saudi Arabia,07f2c44f-7b2c-433c-8f2c-f9ea6b110aea,4dc3821a-f4c4-484c-90f9-64970c6818b0
Earth,30,6,6.017555,f,24054552,24054552,0.388170,110,f,Bahrain; Kuwait; Oman; Qatar; United Arab Emirates,d36cee9d-181e-4837-a889-8d92ef777f7c,4dc3821a-f4c4-484c-90f9-64970c6818b0
Earth,31,7,7.195575,f,28763563,28763563,0.855208,1,t,Lebanon; Syrian Arab Republic,cfe34652-878a-4bb1-9251-5e991dd4485d,4dc3821a-f4c4-484c-90f9-64970c6818b0
Earth,32,9,8.549256,f,34174765,34174765,0.183762,189,t,Comoros; Madagascar; Mauritius; Mayotte; Réunion; Seychelles,fb72fd5e-c4cd-4f0a-be8b-fa6d5b45bcaf,4dc3821a-f4c4-484c-90f9-64970c6818b0
Earth,33,7,7.425627,f,29683175,29683175,0.767132,1,t,Nepal,1e76226a-3fc6-48c2-b598-d24397c48486,4dc3821a-f4c4-484c-90f9-64970c6818b0
Earth,34,9,9.113879,f,36431784,36431784,0.023698,839,t,Anguilla; Antigua and Barbuda; Aruba; Barbados; Bonaire Sint Eustatius and Saba; British Virgin Islands; Curaçao; Dominica; French Guiana; Grenada; Guadeloupe; Guyana; Kiribati; Martinique; Montserrat; Puerto Rico; Saint Barthélemy; Saint Kitts and Nevis; Saint Lucia; Saint Vincent and the Grenadines; Suriname; Trinidad and Tobago; United States Virgin Islands; Venezuela (Bolivarian Republic of),e800bede-7ad9-4fbe-99b8-1518b0fb85e1,4dc3821a-f4c4-484c-90f9-64970c6818b0
Earth,35,7,6.581484,f,26308799,26308799,0.462913,466,t,Australia,e559878d-bb59-48ce-8332-9374ce0fcc9a,4dc3821a-f4c4-484c-90f9-64970c6818b0
Earth,36,7,6.565077,f,26243216,26243216,0.674560,52,t,Dem. People's Republic of Korea,29b730fc-a7ee-4b07-bd39-77390c4fe881,4dc3821a-f4c4-484c-90f9-64970c6818b0
Earth,37,6,5.850253,f,23385780,23385780,0.104454,1313,t,Maldives; Sri Lanka,757bd492-2bff-4a31-ba8c-6c311288c04c,4dc3821a-f4c4-484c-90f9-64970c6818b0
Earth,38,6,5.683796,f,22720384,22720384,0.329891,17,t,Taiwan,e4072d39-e305-48c0-9920-d54f86709fb7,4dc3821a-f4c4-484c-90f9-64970c6818b0
Earth,39,9,9.021603,f,36062923,36062923,0.315774,120,t,Belgium; Denmark; Luxembourg; Netherlands,e50809df-63ea-4fdf-8028-0d813dd59ebf,4dc3821a-f4c4-484c-90f9-64970c6818b0
Earth,40,5,5.409285,f,21623055,21623055,0.424819,91,f,Honduras; Nicaragua; Panama,00787b3b-7e95-46dc-8dba-b8d264beb64f,4dc3821a-f4c4-484c-90f9-64970c6818b0
Earth,41,7,7.445344,f,29761992,29761992,0.252730,49,f,Belize; Costa Rica; El Salvador; Guatemala,3d87dcf0-632b-4f27-a658-ff368d2b4e88,4dc3821a-f4c4-484c-90f9-64970c6818b0
Earth,42,8,7.680602,f,30702410,30702410,0.388305,29,t,Cambodia; Lao People's Democratic Republic; Singapore,6817e041-03b7-43a4-97cd-8cfe904fa70e,4dc3821a-f4c4-484c-90f9-64970c6818b0
Earth,43,7,6.798443,f,27176071,27176071,0.833888,83,t,Burundi; Rwanda,9bd32b1c-a657-4a7f-ac7c-97c5ae3520ab,4dc3821a-f4c4-484c-90f9-64970c6818b0
Earth,44,9,9.301711,f,37182624,37182624,0.108727,577,t,Bahamas; Bermuda; Cayman Islands; Cuba; Dominican Republic; Haiti; Jamaica; Turks and Caicos Islands,ae242aba-d031-434d-ac78-60c7ad5a4ebe,4dc3821a-f4c4-484c-90f9-64970c6818b0
Earth,45,9,9.007515,f,36006605,36006605,0.634662,1230,f,Belarus; Estonia; Finland; Latvia; Lithuania; Norway; Sweden,c00a15c7-1903-42ff-a055-5851e0558a86,4dc3821a-f4c4-484c-90f9-64970c6818b0
Earth,46,6,5.600045,f,22385600,22385600,0.390030,108,t,Djibouti; Eritrea; Somalia,1bd06c49-17df-4ff3-82ee-9aa5d5b4a9c2,4dc3821a-f4c4-484c-90f9-64970c6818b0
Earth,47,5,4.587694,t,18338830,18338830,0.252450,251,t,Armenia; Azerbaijan; Cyprus; Georgia,457a92a0-4618-44fd-b4c6-5b0748f1423f,4dc3821a-f4c4-484c-90f9-64970c6818b0
Earth,48,5,5.404977,f,21605834,21605834,0.298182,5,t,Bhutan; Kyrgyzstan; Mongolia; Tajikistan,f8827602-6434-4f2e-abca-561700f4bf60,4dc3821a-f4c4-484c-90f9-64970c6818b0
Earth,49,5,4.798887,t,19183054,19183054,0.004477,1227,t,Fiji; Guam; Marshall Islands; Micronesia (Fed. States of); Nauru; New Caledonia; New Zealand; Northern Mariana Islands; Palau; Papua New Guinea; Solomon Islands; Timor-Leste; Tuvalu; Vanuatu,39fdcdb4-1d4b-4642-a935-77413c014511,4dc3821a-f4c4-484c-90f9-64970c6818b0
East Java,1,6,6.027373,f,23114778,23114778,0.202123,140,f,Bangkalan; Bojonegoro; Gresik; Jombang; Kota Batu; Kota Madiun; Kota Mojokerto; Kota Pasuruan; Kota Surabaya; Lamongan; Madiun; Magetan; Mojokerto; Nganjuk; Ngawi; Pamekasan; Pasuruan; Sampang; Sidoarjo; Sumenep; Tuban,3fa53ef4-f2c0-4121-857e-c93d12fff8e3,58fb1da5-8e0d-448f-abe5-f6983d7aa3c8
East Java,2,5,4.972627,t,19069865,19069865,0.681349,365,t,Banyuwangi; Blitar; Bondowoso; Jember; Kediri; Kota Blitar; Kota Kediri; Kota Malang; Kota Probolinggo; Lumajang; Malang; Pacitan; Ponorogo; Probolinggo; Situbondo; Trenggalek; Tulungagung,d3fa1c58-2dfe-4dcf-9e37-096d990ed756,58fb1da5-8e0d-448f-abe5-f6983d7aa3c8
Egypt,1,7,7.053397,f,28589073,28589073,0.849175,11,t,Al Sharqia Governorate; Dakahlia Governorate; Damietta Governorate; Ismailia Governorate; Port Said Governorate; Qalyubia Governorate,9ec28682-e694-474b-8ec1-502f4e1c8d55,ea4a3117-f793-40ac-90f1-a46e44228583
Egypt,2,7,7.046920,f,28562821,28562821,0.901097,1,t,Alexandria Governorate; Beheira Governorate; Gharbiyya Governorate; Kafr el-Sheikh Governorate; Monufia Governorate,d05db718-34b5-41fa-93da-8f08c2ea6b35,ea4a3117-f793-40ac-90f1-a46e44228583
Egypt,3,7,6.896699,f,27953937,27953937,0.716869,1,t,Beni Suef Governorate; Cairo Governorate; Faiyum Governorate; Giza Governorate,34647483-3343-4929-89e1-3ba8004747f7,ea4a3117-f793-40ac-90f1-a46e44228583
Egypt,4,7,7.002983,f,28384734,28384734,0.796689,24,t,Aswan Governorate; Asyut Governorate; Luxor Governate; Matrouh Governorate; Minya Governate; New Valley Governorate; North Sinai Governorate; Qena Governorate; Red Sea Governorate; Sohag Governorate; South Sinai Governorate; Suez Governorate,125f5f50-edc8-43d5-9ffb-4510bcf4b196,ea4a3117-f793-40ac-90f1-a46e44228583
England,1,7,6.978077,f,28807897,28807897,0.804832,4,t,"Barnsley; Birmingham; Blackburn with Darwen; Blackpool; Bolton; Bradford; Bury; Calderdale; Cambridgeshire; Cheshire East; Cheshire West and Chester; County Durham; Coventry; Cumbria; Darlington; Derby; Derbyshire; Doncaster; Dudley; East Riding of Yorkshire; Gateshead; Gloucestershire; Halton; Hartlepool; Herefordshire, County of; Kingston upon Hull, City of; Kirklees; Knowsley; Lancashire; Leeds; Leicester; Leicestershire; Lincolnshire; Liverpool; Manchester; Middlesbrough; Newcastle upon Tyne; North East Lincolnshire; North Lincolnshire; North Tyneside; North Yorkshire; Northamptonshire; Northumberland; Nottingham; Nottinghamshire; Oldham; Peterborough; Redcar and Cleveland; Rochdale; Rotherham; Rutland; Salford; Sandwell; Sefton; Sheffield; Shropshire; Solihull; South Gloucestershire; South Tyneside; St. Helens; Staffordshire; Stockport; Stockton-on-Tees; Stoke-on-Trent; Sunderland; Tameside; Telford and Wrekin; Trafford; Wakefield; Walsall; Warrington; Warwickshire; Wigan; Wirral; Wolverhampton; Worcestershire; York",683233b1-45fc-4439-a46e-d9fd1d157718,0036709e-5088-4a94-82de-143fcef70664
England,2,7,7.021923,f,28988912,28988912,0.619309,32,t,"Barking and Dagenham; Barnet; Bath and North East Somerset; Bedford; Bexley; Bournemouth, Christchurch and Poole; Bracknell Forest; Brent; Brighton and Hove; Bristol, City of; Bromley; Buckinghamshire; Camden; Central Bedfordshire; City of London; Cornwall; Croydon; Devon; Dorset; Ealing; East Sussex; Enfield; Essex; Greenwich; Hackney; Hammersmith and Fulham; Hampshire; Haringey; Harrow; Havering; Hertfordshire; Hillingdon; Hounslow; Isle of Wight; Isles of Scilly; Islington; Kensington and Chelsea; Kent; Kingston upon Thames; Lambeth; Lewisham; Luton; Medway; Merton; Milton Keynes; Newham; Norfolk; North Somerset; Oxfordshire; Plymouth; Portsmouth; Reading; Redbridge; Richmond upon Thames; Slough; Somerset; Southampton; Southend-on-Sea; Southwark; Suffolk; Surrey; Sutton; Swindon; Thurrock; Torbay; Tower Hamlets; Waltham Forest; Wandsworth; West Berkshire; West Sussex; Westminster; Wiltshire; Windsor and Maidenhead; Wokingham",96331b11-e725-4056-ba8a-95788f973a7f,0036709e-5088-4a94-82de-143fcef70664
Ethiopia,1,7,6.677330,f,26536540,26536540,0.650533,1,t,Gambela; SNNPR,bacc382e-ca60-43e3-a305-78f588cca769,0972a719-c4c2-49dc-bad8-ce8a037ebb4e
Ethiopia,2,7,7.337505,f,29160158,29160158,0.765144,2,t,Addis Ababa; Amhara,f6719ccc-a754-469a-aa80-c104c5717e99,0972a719-c4c2-49dc-bad8-ce8a037ebb4e
Ethiopia,3,5,4.985166,t,19811669,19811669,0.434932,4,f,Afar; Beneshangul Gumu; Dire Dawa; Hareri; Somali; Tigray,d51ac50d-dc6e-4ed4-a807-189747da8a6e,0972a719-c4c2-49dc-bad8-ce8a037ebb4e
France,1,8,7.906817,f,33996292,33996292,0.011965,401,f,Bourgogne-Franche-Comté; Bretagne; Corse; French Guiana; Grand Est; Guadeloupe; Mayotte; Normandie; Nouvelle-Aquitaine; Occitanie; Pays de la Loire; Réunion,b459db03-9e74-47ac-bc3b-4ff58ec59583,5c7687fb-533c-4f8e-aed7-7128f366599d
France,2,8,8.093183,f,34797598,34797598,0.601699,50,t,Auvergne-Rhône-Alpes; Centre-Val de Loire; Hauts-de-France; Provence-Alpes-Côte d'Azur; Île-de-France,21d89e61-303e-4874-8a95-b25101ce38e0,5c7687fb-533c-4f8e-aed7-7128f366599d
Fujian Province,1,5,4.966404,t,20895771,20895771,0.836124,1,t,Anxixian; Changdingxian; Changtaixian; Datianxian; Dehuaxian; Dongshanxian; Guangzexian; Huaanxian; Jaioushi; Jianglexian; Jianningxian; Jianyangshi; Lianchengxian; Longhaishi; Longyanshi; Mingxixian; Nananshi; Nanjingxian; Nanpingshi; Ninghuaxian; Pinghexian; Qingliuxian; Sanmingshi; Shanghangxian; Shaxian; Shuchangxian; Tainingxian; Tonganxian; Wupingxian; Wuyishanshi; Xiamenshi; Yonganshi; Yongchunxian; Yongdingxian; Youxixian; Yunxiaoxian; Zhangpingxian; Zhangpuxian; Zhangzhoushi; Zhaoanxian; Zhaowushi,a782c24a-d2c4-4e6f-b877-f7e52c662464,a609304c-5000-4724-bbc5-7ac23678dd08
Fujian Province,2,5,5.033596,f,21178477,21178477,0.571023,3,t,Changleshi; Fuanshi; Fudingshi; Fuqingshi; Fuzhoushi; Gutianxian; Huianxian; Jinjiangshi; Jinmenxian; Lianjiangxian; Luoyuanxian; Minhouxian; Minqingxian; Ningdeshi; Pingnanxian; Pingtanxian; Puchengxian; Putianshi; Putianxian; Quanzhoushi; Shishishi; Shouningxian; Songxixian; Tuorongxian; Xianyouxian; Xiapuxian; Yongtaixian; Zhenghexian; Zhouningxian,a1b07f5f-c3d0-40fe-9bc8-9a6ab8b38acf,a609304c-5000-4724-bbc5-7ac23678dd08
Germany,1,7,7.178044,f,28848837,28848837,0.694316,5,t,Baden-Württemberg; Bayern; Sachsen,8fa3de07-dcd6-4df6-a207-b944802a130b,9ec91104-492d-4653-afe4-82faabb4126a
Germany,2,7,7.114761,f,28594499,28594499,0.550542,77,t,Berlin; Brandenburg; Hamburg; Hessen; Mecklenburg-Vorpommern; Rheinland-Pfalz; Saarland; Sachsen-Anhalt; Schleswig-Holstein; Thüringen,9543be88-4cf4-4490-abc9-01fd9588efde,9ec91104-492d-4653-afe4-82faabb4126a
Germany,3,7,6.707196,f,26956480,26956480,0.775135,14,t,Bremen; Niedersachsen; Nordrhein-Westfalen,12fdb5b4-69b7-410e-9d62-1b8a4c70603c,9ec91104-492d-4653-afe4-82faabb4126a
Guangxi Zhuang Autonomous Region,1,6,5.981330,f,24876967,24876967,0.762420,1,t,Baiseshi; Bamayaozuzizhixian; Beihaishi; Binyangxian; Bobaixian; Chongzuoxian; Dahuayaozuzizhixian; Daxinxian; Debaoxian; Donglanxian; Duanyaozuzizhixian; Fangchenggangshi; Fengshanxian; Fusuixian; Hechishi; Hengxian; Hepuxian; Heshanshi; Jingxixian; Leyexian; Lingshanxian; Lingyunxian; Longanxian; Longlingezuzizhixian; Longzhouxian; Mashanxian; Nandanxian; Nanningshi; Napoxian; Ningmingxian; Pingguoxian; Pingxiangshi; Pubeixian; Qinzhoushi; Shanglinxian; Shangsixian; Tiandengxian; Tiandongxian; Tianerxian; Tianlinxian; Tianyangxian; Wumingxian; Xinchengxian; Yizhoushi; Yongningxian,dd558979-ff65-40d0-9192-ac5ea1606723,c0106560-83af-412a-8ecf-3a4cd802e4a0
Guangxi Zhuang Autonomous Region,2,6,6.018670,f,25032264,25032264,0.818163,1,t,Beiliushi; Changwuxian; Chenxixian; Fuchuanyaozuzizhixian; Gongchengyaozuzizhixian; Guanyangxian; Guigangshi; Guilinshi; Guipingshi; Hezhoushi; Huanjiangmaonanzuzizhixian; Jinxiuyaozuzizhixian; Laibinxian; Lingchuanxian; Linguixian; Lipuxian; Liuchengxian; Liujiangxian; Liuzhoushi; Longshengezuzizhixian; Luchuanxian; Luochengyaolaozuzizhixian; Luzaixian; Mengshanxian; Pinglexian; Pingnanxian; Quanzhouxian; Ronganxian; Rongshuimiaozuzizhixian; Rongxian; Shanjiangdongzuzizhixian; Wuxuanxian; Wuzhoushi; Xiangzhouxian; Xinganxian; Yangsuoxian; Yongfuxian; Yulinshi; Zhaopingxian; Zhaopingxian; Zhongshanxian; Ziyuanxian,16d3f85f-d88f-4b33-ab5b-e0f9e0251522,c0106560-83af-412a-8ecf-3a4cd802e4a0
Guangzhou Province,1,6,5.999523,f,25529116,25529116,0.463534,1,t,Dianbaxian; Doumenxian; Enpingshi; Haikangxian; Huazhoushi; Jiangmenshi; Lianjiangxian; Shundeshi; Suixixian; Taishanshi; Wuchuanshi; Xinhuishi; Xuwenxian; Yangxixian; Zhanjianghsi; Zhongshanshi; Zhuhaishi,e4ee2874-2533-4cac-b20e-99509cc19916,dbf70fed-03fc-45a7-b945-462b815df628
Guangzhou Province,2,6,5.978595,f,25440063,25440063,0.552043,3,f,Chaoyangxian; Chaozhoushi; Chenghaishi; Dapuxian; Haifengxian; Huidongxian; Huilaixian; Huiyangshi; Jiaolingxian; Longchuanxian; Lufengxian; Meizhoushi; Nanaoxian; Pingyuanxian; Puningshi; Raopingxian; Shantoushi; Shenzhenshi; Xingningshi,42798a42-1c47-4f12-8324-9666d5da70b1,dbf70fed-03fc-45a7-b945-462b815df628
Guangzhou Province,3,6,5.895845,f,25087946,25087946,0.574163,1,t,Chonghuashi; Deqingxian; Fengkaixian; Fengshunxian; Fogangxian; Gaozhoushi; Guangningxian; Hepingxian; Heyuanshi; Huadushi; Huaijixian; Jiexixian; Jieyangshi; Lechangxian; Liannanyaozuzizhixian; Lianpingxian; Lianshanzhuangzuzizhixian; Lianzhoushi; Longmenxian; Luodingshi; Maomingshi; Nanxiongxian; Qingxinxian; Qingyuanshi; Qujiangxian; Renhuaxian; Ruyuanyaozuzizhixian; Shaoguanshi; Shixingxian; Sihuishi; Wongyuanxian; Wuhuaxian; Xinfengxian; Xinyishi; Yangshanxian; Yingdeshi; Yunanxian; Yunfushi; Zengchengshi; Zhijinxian,b5f74717-1c39-480c-8aa8-3150b0566ac1,dbf70fed-03fc-45a7-b945-462b815df628
Guangzhou Province,4,6,6.140987,f,26131072,26131072,0.647350,1,t,Boluoxian; Dongguanshi; Huizhoushi; Shenzhenxian,9faee56b-2800-4b0b-a0ba-e1c8925fa858,dbf70fed-03fc-45a7-b945-462b815df628
Guangzhou Province,5,6,5.985051,f,25467536,25467536,0.542829,1,t,Foshanshi; Gaomingshi; Gaoyaoshi; Guangzhoushi; Heshanshi; Kaipingshi; Nanhaishi; Panyushi; Shanshuishi; Xinxingxian; Yangchushi; Zhaoqingshi,b616c389-1e5f-437b-9155-c44cf7f5d7ea,dbf70fed-03fc-45a7-b945-462b815df628
Guizhou Province,1,5,5.033801,f,19821876,19821876,0.751418,1,t,Anlongxian; Anshunxian; Cehengxian; Changshunxian; Dushanxian; Duyunshi; Guanlingbuyizumiaozuzizhixian; Guidingxian; Guiyangshi; Hezhangxian; Huishuixian; Liupanshuishi; Liuzhitequ; Longlixian; Luodianxian; Nayongxian; Panxiantequ; Pingbaxian; Pingtangxian; Puanxian; Pudingxian; Qinglongxian; Qingzhenshi; Shuichengxian; Wangmoxian; Weininglizuhuizumiaozuzizhixian; Xingrenxian; Xingyishi; Zhenfengxian; Zhenningbuyizumiaozuzizhixian; Zhijinxian; Zhiyunmiaozubuyizuzizhixian,d1cb6bd1-3d1a-438b-82b6-c08319607b36,3a4ceed0-b98e-4e7a-b4ad-fa1b026b9720
Guizhou Province,2,5,4.966199,t,19555676,19555676,0.699823,1,t,Bijieshi; Chengongxian; Chishuishi; Congjiangxian; Dafangxian; Danzhaixian; Daozhenkelaozhumiaozhuzizhixian; Dejiangxian; Fenggangxian; Fuquanxian; Huangpingxian; Huayuanxian; Jiangkouxian; Jianhexian; Jinpingxian; Jinshaxian; Kailishi; Kaiyangxian; Leishanxian; Liboxian; Lipingxian; Majiangxian; Meitanxian; Qianxixian; Renhuaixian; Rongjiangxian; Sandushuizuzizhixian; Sansuixian; Shibingxian; Shiqianxian; Shongtaomiaozuzizhixian; Sinanxian; Suiyangxian; Taijiangxian; Tianzhuxian; Tongrenshi; Tongzhixian; Wanshantequ; Wenganxian; Wuchuankelaozhumiaozhuzizhixian; Xifengxian; Xishuixian; Xiuwenxian; Yanhetujiazuzizhixian; Yinjiangtujiazumiaozuzizhixian; Yupingdongzuzizhixian; Yuqingxian; Zhenganxian; Zhenyuanxian; Zhunyishi; Zhunyixian,0d56c51d-bfc1-4eda-a168-bfe81f95a330,3a4ceed0-b98e-4e7a-b4ad-fa1b026b9720
Gujarāt,1,9,8.982312,f,36928928,36928928,0.790324,25,t,Amreli; Banas Kantha; Bhavnagar; Devbhumi Dwarka; Gir Somnath; Jamnagar; Junagadh; Kachchh; Mahesana; Morbi; Patan; Porbandar; Rajkot; Surendranagar,ec7fecaf-818a-4c0a-81c9-fe2ebf43eb92,9b8e8125-1bbb-47ad-b852-499f8dd30d80
Gujarāt,2,9,9.017688,f,37074369,37074369,0.648347,4,t,Ahmadabad; Anand; Aravali; Batod; Bharuch; Chhota Udaipur; Dadra & Nagar Haveli; Dohad; Gandhinagar; Kheda; Mahisagar; Narmada; Navsari; Panch Mahals; Sabar Kantha; Surat; Tapi; The Dangs; Vadodara; Valsad,d3c4f1b8-f7f4-4720-be1a-593bf713000c,9b8e8125-1bbb-47ad-b852-499f8dd30d80
Hebei Province,1,9,9.129745,f,35565625,35565625,0.546114,2,t,Anpingxian; Baxian; Botoushi; Changxian; Changzhoushi; Chenganxian; Cixian; Dachengxian; Damingxian; Dongguangxian; Feixiangxian; Fuchengxian; Guangpingxian; Guangzhongxian; Guantaoxian; Guchengxian; Haixingxian; Handanshi; Handanshi; Handanxian; Haochengshi; Hejianshi; Hengshuishi; Huanghuashi; Jingxian; Jinzhoushi; Jixian; Jizhexian; Juluxian; Langfangshi; Lingxixian; Longyaoxian; Mencunhuizuzizhixian; Nangongshi; Nanhexian; Nanpixian; Ningjinxian; Pingxiangxian; Qinghexian; Qingxian; Qiuxian; Quzhouxian; Raoyangxian; Renqiushi; Renxian; Shaheshi; Shanheshi; Shenzhoushi; Shijiazhuanshi; Shuningxian; Weixian; Wenanxian; Wuanshi; Wuqiangxian; Wuyixian; Xianxian; Xingtaishi; Xingtaixian; Xinhexian; Xinjishi; Yanshanxian; Yongnianxian; Zhaoqianxian; Zhengdingxian,bda24ca7-524c-4845-a6b5-cffd9b00555e,e87c8a36-a58a-41fe-bf3a-5f64aafb506c
Hebei Province,2,9,8.870255,f,34554763,34554763,0.594146,2,t,Anguoshi; Anxinxian; Baodingshi; Boxiangxian; Boyexian; Changlixian; Chengdeshi; Chengdexian; Chonglixian; Cichengxian; Dingxingxian; Dingzhoushi; Fengningmanzuzizhixian; Fengruanxian; Funingxian; Fupingxian; Gaochengxian; Gaoyangxian; Guanxian; Guyuanxian; Huaianxian; Huailaixian; Kangbaoxian; Kuanchengmanzuzizhixian; Laishuixian; Laiyuanxian; Letingxian; Linchengxian; Lingshouxian; Lixian; Longhuaxian; Luanchengxian; Luannanxian; Luannanxian; Luanpingxian; Luanxian; Lulongxian; Luquanshi; Manchengxian; Neiqiuxian; Pingquanxian; Pingshanxian; Qiananshi; Qianxixian; Qinglongmanzuzizhixian; Qingyuanxian; Qinhuangdaoshi; Quyangxian; Rongchengxian; Shangyixian; Shezexian; Tangshanshi; Tangxian; Wangduxian; Wanquanxian; Wanxian; Weichangxian; Weixian; Wujixian; Xinchengxian; Xinglongxian; Xingtangxian; Xinleshi; Xiongxian; Xuanhuaxian; Xushuixian; Yangyuanxian; Yixian; Yongqingxian; Yuanshixian; Zhangbeixian; Zhangjiakoushi; Zhanhuangxian; Zhaoxian; Zhunhuashi; Zhuoluxian; Zhuozhoushi,d414a257-9d6b-42bd-b3f9-eb6a85447ff6,e87c8a36-a58a-41fe-bf3a-5f64aafb506c
Henan Province,1,9,9.036847,f,36423181,36423181,0.887903,1,t,Baofengxian; Changgeshi; Dengzhoushi; Dongfengshi; Fangchengxian; Gongxian; Jiaxian; Jiyuanshi; Lingbaoshi; Linyingxian; Luanchuanxian; Luoningxian; Luoyangshi; Lushanxian; Lushixian; Mengjinxian; Mengxian; Mianchixian; Mixian; Miyangxian; Nanyangshi; Nanyangshi; Nanzhaoxian; Neixiangxian; Pingdingshanshi; Pingluxian; Qinyangxian; Ruyangshi; Ruzhoushi; Sanmenxiashi; Shanxian; Sheqixian; Songxian; Tanghexian; Wenxian; Wugangshi; Xiangchengxian; Xichuanxian; Xinanxian; Xingyangxian; Xinyexian; Xinzhengxian; Xixiaxian; Xuchangshi; Xuchangxian; Yanlingxian; Yanshishi; Yexian; Yichuanxian; Yimashi; Yiyangxian; Yunchengxian; Yuzhoushi; Zhenpingxian,315e6f09-e8d4-4ac4-9cc5-184f374a403d,c94aeb5a-6ef5-4698-abcd-c267b1e47792
Henan Province,2,9,9.014222,f,36331989,36331989,0.710019,1,t,Anyangshi; Anyangxian; Anyangxian; Boaixian; Caoxian; Changyuanxian; Fanxian; Fengqiuxian; Hebishi; Huaxian; Huixianshi; Huojiaxian; Jiaozuoshi; Junxian; Kaifengshi; Kaifengxian; Lankaoxian; Linxian; Minquanxian; Nanlexian; Neihuangxian; Puyangshi; Puyangxian; Qingfengxian; Qixian; Qixian; Taiqianxian; Tangyinxian; Tongxushi; Weihuishi; Weishixian; Weixian; Wushixian; Xinxiangshi; Xinxiangxian; Xiuwuxian; Yuanjinxian; Yuanyangshi; Zhengzhoushi; Zhongmouxian,cd630426-b160-4ac8-b820-fc6887e03425,c94aeb5a-6ef5-4698-abcd-c267b1e47792
Henan Province,3,8,7.948931,f,32038316,32038316,0.725991,1,t,Dangshanxian; Fugouxian; Guangshanxian; Gushixian; Huaibinxian; Huaiyangxian; Huangchuanxian; Linquanxian; Luoheshi; Luoshanxian; Luyixian; Ninglingxian; Pingyuxian; Queshanxian; Runanxian; Shanchengxian; Shangcaixian; Shangchengxian; Shangqiushi; Shangqiushi; Shangshuixian; Shenqiuxian; Shuipingxian; Shuixian; Taikangxian; Tuochengxian; Xiangchengshi; Xiayixian; Xihuaxian; Xincaixian; Xinxian; Xinyangshi; Xipingxian; Xixian; Yanchengxian; Yongchengxian; Yuchengxian; Zhengyangxian; Zhoukoushi; Zhumadianshi,260d5a2b-c81e-45eb-8e6b-3dbdadc2caf8,c94aeb5a-6ef5-4698-abcd-c267b1e47792
Hubei Province,1,7,7.010839,f,28670729,28670729,0.800240,1,t,Chongyangxian; Dawuxian; Dazhishi; Ezhoushi; Hanchuanxian; Honganxian; Honghushi; Huangmeixian; Huangpixian; Huangshishi; Huangzhoushi; Jiayuxian; Luotianxian; Machengshi; Puxishi; Qichunxian; Tongchengxian; Tongshanxian; Wuhanshi; Wuxueshi; Xianningshi; Xiaoganshi; Xinzhouxian; Xishuixian; Yangxinxian; Yingshanxian,b63c726a-1ae7-4d0c-ba64-d78aa32e5952,498d6ec4-07f7-458d-9136-54b7342b8179
Hubei Province,2,7,6.989161,f,28582080,28582080,0.659909,1,t,Anlushi; Badongxian; Baokangxian; Changyangtujiazuzizhixian; Dangyangshi; Danjiangkoushi; Enshishi; Fangxian; Gonganxian; Guangshuishi; Guchengxian; Hefengxian; Jianglingxian; Jianshixian; Jingmenshi; Jingshanxian; Laifengxian; Laohekoushi; Lichuanshi; Nanzhangxian; Qianjiangshi; Shashi; Shennongjialinqu; Shishoushi; Shiyanshi; Shuizhoushi; Songzixian; Tianmenshi; Tongboxian; Xiangfanshi; Xiangyangxian; Xiantaoshi; Xingshanxian; Xuanenxian; Yichangshi; Yichangxian; Yichengshi; Yingchengshi; Yuananxian; Yunmengxian; Yunxian; Yunxixian; Zhaoyangshi; Zhichengshi; Zhiguixian; Zhijiangxian; Zhongxiangshi; Zhushanxian; Zhuxixian,403ca233-e0f0-4345-8510-80223443f54a,498d6ec4-07f7-458d-9136-54b7342b8179
Hunan Province,1,8,8.000745,f,31892261,31892261,0.767787,1,t,Anhuaxian; Anxiangxian; Baojingxian; Changdeshi; Chengbumiaozuzizhixian; Chenxixian; Chilixian; Dayongshi; Dongkouxian; Fenghuangxian; Guzhangxian; Hanshouxian; Hongjiangshi; Huaihuashi; Huarongxian; Huitongxian; Jianlixian; Jingzhoumiaozhudongzuzizhixian; Jinshishi; Jishoushi; Lengshuijiangshi; Lianyuanshi; Linlixian; Linxiangshi; Liuxiangxian; Lixian; Longhuixian; Longshanxian; Luxixian; Mayangmiaozuzizhixian; Miluoshi; Nanxian; Shangzhixian; Shimenxian; Suiningxian; Taojiangxian; Taoyuanxian; Tongzhoudongzuzizhixian; Wangchengxian; Wufengtujiazuzizhixian; Wugangshi; Xiangyinxian; Xinhuangdongzuzizhixian; Xinhuaxian; Xinlingxian; Xinzhaoxian; Xupuxian; Yiyangshi; Yiyangshi; Yongshunxian; Yuanjiangshi; Yuanlingxian; Yueyangshi; Yueyangxian; Zhijiangdongzuzizhixain,634a4a5a-7eeb-4732-a39c-5ce013322e81,664a905a-34c6-4334-bd0b-e11b0e6142c8
Hunan Province,2,9,8.999255,f,35872479,35872479,0.769787,1,t,Anrenxian; Chalingxian; Changningxian; Changshashi; Changshaxian; Chengxian; Chengzhoushi; Daoxian; Donganxian; Guidongxian; Guiyangxian; Hengdongxian; Hengnanxian; Hengshanxian; Hengyangshi; Hengyangxian; Jiahexian; Jianghuayaozuzizhixian; Jiangyongxian; Lanshanxian; Leiyangshi; Lengshuitanshi; Lilingshi; Lingxian; Linwuxian; Liuyangxian; Loudishi; Ninggangxian; Ningyuanxian; Pingjiangxian; Qidongxian; Qiyangxian; Ruchengxian; Shaoyangshi; Shuangfengxian; Shuangpaixian; Xiangtanshi; Xiangtanxian; Xiangxiangshi; Xintianxian; Yizhangxian; Yongxingxian; Yongzhoushi; Youxian; Zhaodongxian; Zhaoyangxian; Zhuzhoushi; Zhuzhouxian; Zixingshi,74146629-6556-4381-80f8-9de0727c2f10,664a905a-34c6-4334-bd0b-e11b0e6142c8
India,1,9,9.365469,f,36917424,36917424,0.743215,1,t,Kerala,7d34ca90-77ff-4a93-a81d-2f18e6fdad14,24576efc-f6c8-4304-891b-4c19eac6695e
India,2,9,9.327457,f,36767586,36767586,0.533549,2,t,Assam,ad871242-bc5f-48a1-91d0-d0948b78af29,24576efc-f6c8-4304-891b-4c19eac6695e
India,3,6,5.545741,f,21860569,21860569,0.781036,1,t,Delhi,ad5a7867-394f-4956-945a-6023a3e3b043,24576efc-f6c8-4304-891b-4c19eac6695e
India,4,9,8.747992,f,34483410,34483410,0.522552,2,f,Chandīgarh; Ladākh; Punjab,45a1b09f-e4be-41a9-bd09-272e0f7ee768,24576efc-f6c8-4304-891b-4c19eac6695e
India,5,9,9.372699,f,36945922,36945922,0.102306,197,f,Andaman and Nicobar Islands; Arunāchal Pradesh; Himāchal Pradesh; Manipur; Meghālaya; Mizoram; Nāgāland; Sikkim; Tripura; Uttarākhand,5f0ef8aa-68fd-4f53-b477-e9e8ed8292ad,24576efc-f6c8-4304-891b-4c19eac6695e
India,6,8,7.887032,f,31089624,31089624,0.576917,1,t,Haryāna,8937c5b9-63bf-4880-a6f2-aeb0d81bede5,24576efc-f6c8-4304-891b-4c19eac6695e
India,7,5,4.749117,t,18720384,18720384,0.867673,1,t,Jammu and Kashmīr,849cfa5a-984e-4ef5-b631-ef08d3f61938,24576efc-f6c8-4304-891b-4c19eac6695e
India,8,9,9.004492,f,35494499,35494499,0.088215,65,f,Chhattīsgarh; Dādra and Nagar Haveli and Damān and Diu; Goa; Lakshadweep; Puducherry,f4585f0a-9733-45f7-a50e-0086c2567a8e,24576efc-f6c8-4304-891b-4c19eac6695e
Indonesia,1,9,9.203727,f,37437128,37437128,0.557920,6,t,Central Java,34124269-83c9-42d9-8b09-5a20c886a3a2,8b8c83a3-b11b-40fa-86db-580b0cade7ec
Indonesia,2,7,7.076829,f,28785744,28785744,0.417389,97,t,Aceh; Bengkulu; North Sumatra; West Sumatra,10c77a49-01dc-4d9f-92ed-a837a7dccf41,8b8c83a3-b11b-40fa-86db-580b0cade7ec
Indonesia,3,8,7.828712,f,31844107,31844107,0.334868,300,t,Bangka-Belitung Islands; Jambi; Lampung; Riau; Riau Islands; South Sumatra,d288183f-55c2-4b64-8d39-d434aa83dc87,8b8c83a3-b11b-40fa-86db-580b0cade7ec
Indonesia,4,7,6.644210,f,27026023,27026023,0.199079,11,f,Banten; Jakarta Special Capital Region; Special Region of Yogyakarta,39090b18-acb6-4c74-b2ea-0ca913b6ba16,8b8c83a3-b11b-40fa-86db-580b0cade7ec
Indonesia,5,9,9.271666,f,37713475,37713475,0.349488,244,f,Central Kalimantan; Central Sulawesi; East Kalimantan; Gorontalo; North Kalimantan; North Sulawesi; South Kalimantan; South Sulawesi; Southeast Sulawesi; West Kalimantan; West Sulawesi,30da42bc-29c0-4989-b82d-0c2ad8479db0,8b8c83a3-b11b-40fa-86db-580b0cade7ec
Indonesia,6,6,5.974856,f,24303354,24303354,0.195369,633,t,Bali; East Nusa Tenggara; Maluku; North Maluku; Papua; West Nusa Tenggara; West Papua,906b2077-e335-4e00-a9d4-68cc2ddcea82,8b8c83a3-b11b-40fa-86db-580b0cade7ec
Iran (Islamic Republic of),1,8,7.960673,f,32633498,32633498,0.686112,12,t,Chaharmahal and Bakhtiari; East Azerbaijan; Hamadan; Ilam; Isfahan; Kermanshah; Khuzestan; Kohgiluyeh and Boyer-Ahmad; Kurdistan; Lorestan; Markazi; West Azerbaijan; Zanjan,d09d4d62-b38f-4bc7-9673-e262a32ff467,57f55b86-ff98-49ca-be77-7e41e419b2de
Iran (Islamic Republic of),2,7,7.073711,f,28997540,28997540,0.500654,1,t,Alborz; Ardabil; Gilan; Mazandaran; Qazvin; Qom; Tehran,6fb53db2-8b0b-4c93-b20d-118f97e3fd18,57f55b86-ff98-49ca-be77-7e41e419b2de
Iran (Islamic Republic of),3,7,6.965616,f,28554419,28554419,0.782808,35,t,Bushehr; Fars; Golestan; Hormozgan; Kerman; Mazandaran; North Khorasan; Razavi Khorasan; Semnan; Sistan and Baluchestan; South Khorasan; Yazd,50d49a94-3798-46bf-8a05-a8e4b9f43281,57f55b86-ff98-49ca-be77-7e41e419b2de
Iraq,1,6,6.023667,f,24440130,24440130,0.797655,1,t,Al-Anbar; Al-Sulaimaniyah; Baghdad; Dohuk; Erbil; Karbala; Kirkuk; Ninawa; Salah al-Din,9832e1c4-3cbc-46e4-b188-b6be75ba71b2,80195266-d221-4899-82d1-466814ca63b0
Iraq,2,5,4.976333,t,20190730,20190730,0.812988,1,t,Al-Basrah; Al-Muthanna; Al-Qadisiyah; An-Najaf; Babil; Dhi Qar; Diyala; Maysan; Wasit,5e4a53f0-cbf7-460a-a79e-c3e3792cb8fe,80195266-d221-4899-82d1-466814ca63b0
Italy,1,7,6.991162,f,27750124,27750124,0.721247,31,t,Nord-Est; Nord-Ovest,6d1b947a-6d6e-44c1-b346-eede8b6f3e73,2b3c667c-4f1f-4f79-9563-71a0be3fb59a
Italy,2,8,8.008838,f,31789598,31789598,0.333703,215,t,Centro; Isole; Sud,20ce2ee2-54d8-4265-8fe7-d77431f07c80,2b3c667c-4f1f-4f79-9563-71a0be3fb59a
Japan,1,8,8.242855,f,33148162,33148162,0.530277,18,t,Akita; Aomori; Gunma; Kanagawa; Nagano; Niigata; Saitama; Shizuoka; Tochigi; Toyama; Yamagata; Yamanashi,a8c2658a-e3f7-4546-85f4-9b027894bf66,0c052658-60d3-40d9-a891-0322be90235c
Japan,2,7,6.936661,f,27895380,27895380,0.621538,27,t,Aichi Prefecture; Fukui Prefecture; Gifu Prefecture; Ishikawa Prefecture; Kyoto Prefecture; Mie Prefecture; Nara Prefecture; Osaka Prefecture; Shiga; Wakayama Prefecture,4a5f126a-0751-4429-b0dd-4d2d044e8449,0c052658-60d3-40d9-a891-0322be90235c
Japan,3,8,8.301908,f,33385641,33385641,0.068069,77,t,Chiba; Fukushima; Hokkaido; Ibaraki; Iwate; Miyagi; Tokyo,e00b0c69-de91-4a2a-b586-edfc589e1f5f,0c052658-60d3-40d9-a891-0322be90235c
Japan,4,8,7.518575,f,30235514,30235514,0.124215,366,f,Ehime Prefecture; Fukuoka Prefecture; Hiroshima; Hyogo Prefecture; Kagawa Prefecture; Kagoshima Prefecture; Kochi Prefecture; Kumamoto; Miyazaki Prefecture; Nagasaki Prefecture; Oita; Okayama Prefecture; Okinawa Prefecture; Saga Prefecture; Shimane; Tokushima Prefecture; Tottori Prefecture; Yamaguchi,f8844644-b9a4-4671-adc2-ecd9d62b14ca,0c052658-60d3-40d9-a891-0322be90235c
Jhārkhand,1,5,5.001402,f,20318957,20318957,0.656528,1,t,Bokaro; Dhanbad; Gumla; Khunti; Pashchimi Singhbhum; Purbi Singhbhum; Ramgarh; Ranchi; Saraikela-Kharsawan; Simdega,68c3bcd3-d83f-4821-92fc-4df0bea45fa0,1bf3192e-e316-493b-ab1b-f3dc6e9250aa
Jhārkhand,2,5,4.998598,t,20307564,20307564,0.633388,1,t,Chatra; Deoghar; Dumka; Garhwa; Giridih; Godda; Hazaribagh; Jamtara; Kodarma; Latehar; Lohardaga; Pakur; Palamu; Sahibganj,c5236163-0516-4f53-ae42-1c75fae47df2,1bf3192e-e316-493b-ab1b-f3dc6e9250aa
Jiangsu Province,1,7,7.021242,f,28322756,28322756,0.731627,1,t,Changshushi; Dongtaishi; Haianxian; Haimenshi; Jiangyinshi; Jingjiangshi; Kunshanshi; Nantongshi; Qidongshi; Rudongxian; Rugaoshi; Shuzhoushi; Shuzhoushi; Taichangxian; Tongzhoushi; Wujiangshi; Wuxianshi; Wuxishi; Wuxixian; Zhangjiagangshi,2c90a5ee-4130-43ba-b8e3-d88ffe76b361,e67a781f-74a2-4d35-8403-40b545bce681
Jiangsu Province,2,7,6.989553,f,28194929,28194929,0.756854,1,t,Changzhoushi; Dafengxian; Dantuxian; Danyangshi; Gaoyoushi; Jiangdushi; Jiangningxian; Jiangyanshi; Jintanshi; Jurongxian; Lishuixian; Liuhexian; Liyangshi; Nanjingshi; Taixingxian; Taizhoushi; Wujinxian; Xinghuashi; Yanchengshi; Yangzhong; Yangzhoushi; Yixingshi; Yizhengshi; Zhenjiangshi,e8883c24-220b-4663-b91d-f624d18f78e0,e67a781f-74a2-4d35-8403-40b545bce681
Jiangsu Province,3,7,6.989205,f,28193523,28193523,0.683425,1,t,Baoyingxian; Binhaixian; Donghaixian; Fengxian; Funingxian; Ganyuxian; Guannanxian; Guanyunxian; Hongzexian; Huaianshi; Huaiyinshi; Huaiyinxian; Jianhuxian; Lianshuixian; Lianyungangshi; Peixian; Pizhoushi; Sheyangxian; Shuiningxian; Shuqianshi; Shuyangxian; Sihongxian; Siyangxian; Suqianxian; Tongshanxian; Weishanxian; Xiangshuixian; Xinyixian; Xuyuxian; Xuzhoushi,2a5eee56-adb8-4cd8-8934-2879c6da1e65,e67a781f-74a2-4d35-8403-40b545bce681
Jiangxi Province,1,6,5.994775,f,25132609,25132609,0.762241,1,t,Anfuxian; Anyixian; Anyuanxian; Chongrenxian; Chongyixian; Dayuxian; Dingnanxian; Fengchengshi; Fengxinxian; Fenyixian; Ganxian; Ganzhoushi; Gaoanshi; Guangchangxian; Huichangxian; Jianshi; Jianshi; Jinganxian; Jinggangshanshi; Jishuixian; Leanxian; Lianhuaxian; Lichuanxian; Longnanxian; Nanchengxian; Nanfengxian; Nankangshi; Ningduxian; Pingxiangshi; Quannanxian; Ruichangshi; Ruijinshi; Shanggaoxian; Shanggaoxian; Shangyouxian; Shichengxian; Suichuanxian; Taihexian; Tongguxian; Wananxian; Wanzaixian; Wuningxian; Xiajiangxian; Xinfengxian; Xinganxian; Xingguoxian; Xinyushi; Xiushuixian; Xunwuxian; Yichunshi; Yihuangxian; Yongfengxian; Yongxinxian; Yuduxian; Zhangshushi,5575453c-3b5c-4f21-b3a3-c2389aabb890,03968822-fd4f-4225-92d7-df71ff511775
Jiangxi Province,2,5,5.005225,f,20983997,20983997,0.828835,1,t,Boyangxian; Deanxian; Dexingshi; Dongxiangxian; Duchangxian; Guangfengxian; Guixixian; Hengfengxian; Hukouxian; Jiangshanshi; Jingdezheshi; Jinxianxian; Jinxixian; Jiujiangshi; Jiujiangxian; Jiujianxian; Lepingshi; Linchanshi; Nanchangshi; Nanchangxian; Pengzexian; Qianshanxian; Shangraoshi; Shangraoxian; Wannianxian; Wuyuanxian; Xingzixian; Xinjianxian; Xinjianxian; Yingtanshi; Yiyangxian; Yongxiuxian; Yuganxian; Yujiangxian; Yushanxian; Zixixian,c48d3dd1-e9cd-4c63-ba79-e09be73521de,03968822-fd4f-4225-92d7-df71ff511775
Karnātaka,1,9,9.077254,f,37352520,37352520,0.788359,1,t,Bangalore; Bangalore Rural; Chamarajanagar; Chikkaballapura; Chikmagalur; Chitradurga; Dakshina Kannada; Hassan; Kodagu; Kolar; Mandya; Mysore; Ramanagara; Tumkur,840503e0-53a9-44d9-8a63-b8a8e9215e08,688e4841-8254-4d76-9b20-72550aad9208
Karnātaka,2,8,7.922746,f,32601771,32601771,0.810179,14,t,Bagalkot; Belgaum; Bellary; Bidar; Bijapur; Davanagere; Dharwad; Gadag; Gulbarga; Haveri; Koppal; Raichur; Shimoga; Udupi; Uttara Kannada; Yadgir,ae9ea216-34e0-4658-9f6a-c3dc2032c41d,688e4841-8254-4d76-9b20-72550aad9208
Kenya,1,7,7.024149,f,27478372,27478372,0.801255,1,t,Baringo; Bomet; Bungoma; Busia; Elgeyo-Marakwet; Homa Bay; Kakamega; Kericho; Kisii; Kisumu; Laikipia; Marsabit; Migori; Nakuru; Nandi; Narok; Nyamira; Nyandarua; Nyeri; Samburu; Siaya; Trans Nzoia; Turkana; Uasin Gishu; Vihiga; West Pokot,1ba4d3cd-71e8-41a9-8cd6-5191471f511a,3813611f-ad9a-4f64-bf4c-bd9c4af14072
Kenya,2,7,6.975851,f,27289431,27289431,0.778596,114,t,Embu; Garissa; Isiolo; Kajiado; Kiambu; Kilifi; Kirinyaga; Kitui; Kwale; Lamu; Machakos; Makueni; Mandera; Meru; Mombasa; Murang'a; Nairobi; Taita Taveta; Tana River; Tharaka; Wajir,31b86f6b-3550-40b7-98b3-f6e201e0206c,3813611f-ad9a-4f64-bf4c-bd9c4af14072
Khyber Pakhtunkhwa,1,5,4.977494,t,20324326,20324326,0.710715,1,t,Bajaur; Bannu; Dera Ismail Khan; Hangu; Karak; Khyber; Kohat; Kurram; Lakki Marwat; Malakand; Mohmand; North Waziristan; Nowshera; Orakzai; Peshawar; South Waziristan; Tank,0acb3ec4-a0e1-4031-866d-ac37e556d7ea,e76a7a93-be46-47a2-a46b-ae29bf1d4c8f
Khyber Pakhtunkhwa,2,5,5.022506,f,20508121,20508121,0.680037,1,t,Abbottabad; Battagram; Buner; Charsadda; Chitral; Haripur; Kohistan; Lower Dir; Mansehra; Mardan; Shangla; Swabi; Swat; Upper Dir,b1346e48-aebd-4fa0-8a69-df3e7db8f888,e76a7a93-be46-47a2-a46b-ae29bf1d4c8f
Liaoning Province,1,5,5.000541,f,19863689,19863689,0.785699,1,t,Benximanzuzizhixian; Benxishi; Changtuxian; Dandongshi; Dengtaxian; Donggangshi; Fakuxian; Fenchengmanzuzizhixian; Fushunshi; Fushunxian; Huanrenmanzuzizhixian; Kaiyuanshi; Kangpingxian; Kuandianmanzuzizhixian; Liaoyangshi; Liaoyangxian; Qingyuanmanzuzizhixian; Shenyangshi; Sipingshi; Tiefashi; Tielingshi; Tielingxian; Xifengxian; Xinbinmanzuzizhixian; Xinminxian; Youyanmanzuzizhixian; Zhangwuxian,b3d45e37-5f35-4cb5-9164-f00cd51a1ef5,acc72b39-d670-40d4-af41-39f84054a6b7
Liaoning Province,2,6,5.999459,f,23831700,23831700,0.611927,6,t,Anshanshi; Beipiaoshi; Beizhenmanzuzizhixian; Changhaixian; Changhaixian; Changhaixian; Changhaixian; Changhaixian; Chaoyangshi; Chaoyangxian; Dalianshi; Dawaxian; Fuxinmengguzuzizhixian; Fuxinshi; Gaizhoushi; Haichengshi; Heishanxian; Huludaoishi; Jianchangshi; Jianpingxian; Jinzhoushi; Kalaqinzuoqimengguzuzizhixian; Liaoyangxian; Liaozhongxian; Lingyuanshi; Linhaishi; Panjinshi; Qinghemenqu; Suizhongxian; Taianxian; Wafangdianshi; Xingchengshi; Xinjinxian; Yingkoushi; Yingkoushi; Yixian; Zhuangheshi,d3cdc544-9015-4571-9d68-79f14cb24beb,acc72b39-d670-40d4-af41-39f84054a6b7
Madhya Pradesh,1,8,8.060418,f,32632409,32632409,0.724870,1,t,Alirajpur; Barwani; Betul; Burhanpur; Dewas; Dhar; Harda; Hoshangabad; Indore; Jhabua; Khandwa (East Nimar); Khargone (West Nimar); Mandsaur; Neemuch; Ratlam; Sehore; Shajapur; Ujjain,296eb258-b6bf-43bd-acaf-c73b5c364a89,a590ccbb-79cc-42ea-87cd-84428d95f854
Madhya Pradesh,2,7,6.933829,f,28071440,28071440,0.676042,1,t,Anuppur; Balaghat; Chhatarpur; Dindori; Jabalpur; Katni; Mandla; Niwari; Panna; Rewa; Satna; Shahdol; Sidhi; Singrauli; Tikamgarh; Umaria,d192976e-78cf-4017-8f9a-2388dab59e7e,a590ccbb-79cc-42ea-87cd-84428d95f854
Madhya Pradesh,3,7,7.005754,f,28362626,28362626,0.638407,1,t,Agar; Ashoknagar; Bhind; Bhopal; Chhindwara; Damoh; Datia; Guna; Gwalior; Morena; Narsimhapur; Raisen; Rajgarh; Sagar; Seoni; Sheopur; Shivpuri; Vidisha,9ecd5b6b-79db-40b3-90b9-294788416b57,a590ccbb-79cc-42ea-87cd-84428d95f854
Mahārāshtra,1,8,7.977424,f,32519533,32519533,0.647724,15,t,Kolhapur; Mumbai; Mumbai Suburban; Palghar; Raigarh; Ratnagiri; Sangli; Satara; Sindhudurg; Thane,4b714dbf-2759-4492-a675-eba700870830,d9d25ed5-9f43-43cc-b034-73945fd31051
Mahārāshtra,2,8,8.015836,f,32676115,32676115,0.701143,1,t,Ahmadnagar; Pune; Solapur,fbf90dd4-3ca8-4f73-bcfe-b4e3fe525d6e,d9d25ed5-9f43-43cc-b034-73945fd31051
Mahārāshtra,3,8,7.972937,f,32501239,32501239,0.603302,1,t,Aurangabad; Bid; Dhule; Jalgaon; Latur; Nandurbar; Nashik; Osmanabad,b5fda77d-d871-47d5-acfb-16be0a6b2c21,d9d25ed5-9f43-43cc-b034-73945fd31051
Mahārāshtra,4,8,8.033803,f,32749358,32749358,0.735031,1,t,Akola; Amravati; Bhandara; Buldana; Chandrapur; Gadchiroli; Gondiya; Hingoli; Jalna; Nagpur; Nanded; Parbhani; Wardha; Washim; Yavatmal,1e10aeef-91f5-43b7-b189-2566c6f9d1bd,d9d25ed5-9f43-43cc-b034-73945fd31051
Mexico,1,8,7.889790,f,31847846,31847846,0.410578,66,t,Aguascalientes; Colima; Guanajuato; Hidalgo; Jalisco; Michoacan de Ocampo; Nayarit; Queretaro de Arteaga; Tlaxcala; Zacatecas,251bf993-2573-4ced-86aa-fdb0d0762b43,0e8f11f5-458e-4c2a-9c9c-d2151ebfaa32
Mexico,2,8,8.088912,f,32651618,32651618,0.508308,301,t,Campeche; Chiapas; Oaxaca; Puebla; Quintana Roo; Tabasco; Veracruz de Ignacio de la Llave; Yucatan,caeb15e3-a4fb-4b8d-9010-7d832b48c112,0e8f11f5-458e-4c2a-9c9c-d2151ebfaa32
Mexico,3,8,7.977193,f,32200655,32200655,0.643049,773,t,Baja California; Baja California Sur; Chihuahua; Coahuila de Zaragoza; Durango; Nuevo Leon; San Luis Potosi; Sinaloa; Sonora; Tamaulipas,cbac7aca-adf3-4bad-bfcb-f8509c60c85a,0e8f11f5-458e-4c2a-9c9c-d2151ebfaa32
Mexico,4,8,8.044105,f,32470754,32470754,0.769573,17,t,Distrito Federal; Guerrero; Mexico; Morelos,91d55351-04ec-4470-83a7-f3e30473d7f6,0e8f11f5-458e-4c2a-9c9c-d2151ebfaa32
Myanmar,1,6,5.953098,f,24660809,24660809,0.361373,298,t,Ayeyarwady; Bago; Kayah; Kayin; Mon; Tanitharyi; Yangon,3609d6d7-e205-4c3e-97f9-df5321017f2a,068c5d9a-673c-411f-b771-5e10af257eff
Myanmar,2,7,7.046902,f,29191915,29191915,0.728391,76,t,Chin; Kachin; Magway; Mandalay; Rakhine; Saigang; Shan,88a90b63-619b-4b95-9a2f-f5d2f648cb03,068c5d9a-673c-411f-b771-5e10af257eff
Nigeria,1,8,7.919254,f,31928795,31928795,0.638753,1,t,Ekiti; Lagos; Ogun; Osun,ca879f2d-0238-4f57-9557-0dc12fabcb6c,0a3f5aed-1a55-4284-a86d-6c91b3ddf5be
Nigeria,2,8,8.180553,f,32982297,32982297,0.723233,1,t,Abuja Federal Capital Territory; Kogi; Kwara; Nasarawa; Niger; Oyo,fddbf9c7-428b-4d46-8ebe-74cd15e13e5f,0a3f5aed-1a55-4284-a86d-6c91b3ddf5be
Nigeria,3,8,7.994426,f,32231872,32231872,0.776325,1,t,Abia; Akwa Ibom; Bayelsa; Cross River; Imo; Rivers,1a59530d-850c-4436-8cd8-ac83561af455,0a3f5aed-1a55-4284-a86d-6c91b3ddf5be
Nigeria,4,8,7.769176,f,31323713,31323713,0.790465,1,t,Anambra; Delta; Ebonyi; Edo; Enugu; Ondo,f4a25f24-70fa-405a-8e45-cff5ee6949bf,0a3f5aed-1a55-4284-a86d-6c91b3ddf5be
Nigeria,5,8,7.553675,f,30454858,30454858,0.713397,1,t,Adamawa; Bauchi; Benue; Gombe; Plateau; Taraba,9d94d75e-520a-4abc-a9ca-d7764feb85c0,0a3f5aed-1a55-4284-a86d-6c91b3ddf5be
Nigeria,6,8,8.470001,f,34149294,34149294,0.704679,1,t,Kaduna; Katsina; Kebbi; Sokoto; Zamfara,66106c4f-d8e1-4436-a68d-bf287ec38093,0a3f5aed-1a55-4284-a86d-6c91b3ddf5be
Nigeria,7,8,8.112915,f,32709597,32709597,0.708179,1,t,Borno; Jigawa; Kano; Yobe,533e8c21-76cf-4782-9f24-db196b40595f,0a3f5aed-1a55-4284-a86d-6c91b3ddf5be
Odisha,1,6,5.984501,f,23828966,23828966,0.737184,1,t,Balangir; Bargarh; Baudh; Debagarh; Gajapati; Ganjam; Jharsuguda; Kalahandi; Kandhamal; Koraput; Malkangiri; Nabarangapur; Nayagarh; Nuapada; Rayagada; Sambalpur; Subarnapur; Sundargarh,f795f385-fdc8-46c2-85a8-fd2647a8c1cf,bf31e7f8-eef5-464f-a3bc-c2a49fb8b13c
Odisha,2,6,6.015499,f,23952393,23952393,0.772449,9,t,Anugul; Baleshwar; Bhadrak; Cuttack; Dhenkanal; Jagatsinghapur; Jajapur; Kendrapara; Kendujhar; Khordha; Mayurbhanj; Puri,3c4663ca-8e39-4648-b515-75537fcc41ff,bf31e7f8-eef5-464f-a3bc-c2a49fb8b13c
Oromia,1,6,5.760620,f,22763854,22763854,0.738561,1,t,Arsi; Bale; Borena; East Harerge; Guji; West Harerge,34484d67-6702-45a0-9c28-790089d2f1dc,7c6ecbb4-f0bb-4784-bc35-9149b177e854
Oromia,2,7,7.239380,f,28607373,28607373,0.640522,1,t,East Shewa; East Wellega; Horo Guduru; Ilubabor; Jimma; Kelem Wellega; North Shewa(R4); South West Shewa; West Arsi; West Shewa; West Wellega,b06082ac-3bd4-411c-95d0-81907e5f6993,7c6ecbb4-f0bb-4784-bc35-9149b177e854
Pakistan,1,6,6.000000,f,24813383,24813383,0.418506,3,t,Azad Kashmir; Balochistan; Gilgit-Baltistan; Islamabad Capital Territory,a315334b-744b-4e68-a59a-1aa4f19ccd4d,cb6f0222-da4f-4d8e-86de-ff3018992713
Philippines,1,7,6.860861,f,27960988,27960988,0.254219,74,f,Bicol Region; CAR; Ilocos Region; NCR,4ecaeafe-85ee-4eb7-8be7-ff39c7e8a6b0,4062a27c-dde1-4cc0-af39-863b75dc8480
Philippines,2,7,7.357465,f,29984863,29984863,0.460246,78,t,Calabarzon; Central Luzon,ffebdfbd-ddc8-481f-8023-723c9c22b630,4062a27c-dde1-4cc0-af39-863b75dc8480
Philippines,3,7,6.724804,f,27406493,27406493,0.277702,299,t,ARMM; Caraga; Davao Region; Northern Mindanao; Soccsksargen; Zamboanga Peninsula,ddb98cd1-03ec-40e1-a143-79b51d1ff8a4,4062a27c-dde1-4cc0-af39-863b75dc8480
Philippines,4,7,7.056870,f,28759808,28759808,0.154457,431,f,Cagayan Valley; Central Visayas; Eastern Visayas; Mimaropa; Western Visayas,52487a3b-5f4b-4799-94a6-5a4f927590bd,4062a27c-dde1-4cc0-af39-863b75dc8480
Poland,1,5,5.010786,f,19478740,19478740,0.688580,1,t,Greater Poland Voivodeship; Lesser Poland Voivodeship; Lower Silesian Voivodeship; Lubusz Voivodeship; Opole Voivodeship; Silesian Voivodeship; West Pomeranian Voivodeship; Świętokrzyskie Voivodeship,5a198413-878c-41d8-ae1e-0987032d61bd,d71cf8f0-4722-487b-84aa-64b0fdd71ac4
Poland,2,5,4.989214,t,19394878,19394878,0.777629,1,t,Kuyavian-Pomeranian Voivodeship; Lublin Voivodeship; Masovian Voivodeship; Podlaskie Voivodeship; Pomeranian Voivodeship; Subcarpathian Voivodeship; Warmian-Masurian Voivodeship; Łódź Voivodeship,c15fa9e4-4108-4171-89df-9c485aacc05c,d71cf8f0-4722-487b-84aa-64b0fdd71ac4
Punjab,1,8,7.896120,f,32023286,32023286,0.761044,1,t,Gujranwala; Kasur; Lahore; Okara; Sheikhpura,fabb6eab-7fd3-4f2a-ae69-181a56816afe,3440afe2-a412-4d9d-9024-b6009f809339
Punjab,2,8,8.058877,f,32683360,32683360,0.696160,1,t,Bahawalnagar; Bahawalpur; Dera Ghazi Khan; Khanewal; Pakpattan; Rahim Yar Khan; Rajanpur; Sahiwal; Toba Tek Singh; Vihari,1124f493-19ac-4030-b735-5782b9d8c59c,3440afe2-a412-4d9d-9024-b6009f809339
Punjab,3,8,8.082910,f,32780829,32780829,0.720559,1,t,Attock; Bhakkar; Chakwal; Gujrat; Hafizabad; Jhelum; Khushab; Mandi Bahauddin; Mianwali; Narowal; Rawalpindi; Sargodha; Sialkot,aecf4c89-1d0d-4b0d-8a9c-33ffd2a4c419,3440afe2-a412-4d9d-9024-b6009f809339
Punjab,4,7,6.962093,f,28235274,28235274,0.622532,1,t,Faisalabad; Jhang; Layyah; Lodhran; Multan; Muzaffargarh,3a4ea360-4fd1-4b5a-be37-365fe110ea08,3440afe2-a412-4d9d-9024-b6009f809339
Republic of Korea,1,6,6.033618,f,23747381,23747381,0.502940,42,t,Busan; Daegu; Daejeon; Gwangju; Jeju; North Chungcheong; North Gyeongsang; North Jeolla; Sejong; South Chungcheong; South Gyeongsang; South Jeolla; Ulsan,a95bc3bd-560d-421a-bb51-2adcfe1fd411,832004e0-d22d-4b7b-a03f-81e300cefbf9
Republic of Korea,2,7,6.966382,f,27418592,27418592,0.550848,11,t,Gangwon; Gyeonggi; Incheon; Seoul,ffe58f09-fbe7-428b-9518-f6df0cc55a27,832004e0-d22d-4b7b-a03f-81e300cefbf9
Russian Federation,1,9,8.953343,f,36244087,36244087,0.774999,5,t,Chuvashia; Ivanovo Oblast; Kostroma Oblast; Mari El; Moscow; Moscow Oblast; Nizhny Novgorod Oblast; Republic of Mordovia; Ryazan Oblast; Smolensk Oblast; Tver Oblast; Vladimir Oblast; Vologda Oblast; Yaroslavl Oblast,600a9319-0e78-4738-9893-ace9fc5f3af7,d990fc35-cfcb-4f66-b556-031538196f6c
Russian Federation,2,9,9.013502,f,36487615,36487615,0.236656,1153,f,Altai Krai; Altai Republic; Amur Oblast; Buryatia; Chukotka Autonomous Okrug; Irkutsk Oblast; Jewish Autonomous Oblast; Kaliningrad; Kamchatka Krai; Kemerovo Oblast; Khabarovsk Krai; Khakassia; Krasnoyarsk Krai; Leningrad oblast; Magadan Oblast; Novgorod Oblast; Novosibirsk Oblast; Omsk Oblast; Orenburg Oblast; Primorsky Krai; Pskov Oblast; Saint Petersburg; Sakha Republic; Sakhalin Oblast; Tomsk Oblast; Tuva; Zabaykalsky Krai,53929363-5c70-49ee-9f57-bbcee6c035ca,d990fc35-cfcb-4f66-b556-031538196f6c
Russian Federation,3,9,9.068107,f,36708664,36708664,0.515358,497,t,Arkhangelsk Oblast; Bashkortostan; Chelyabinsk Oblast; Khanty-Mansiysk Autonomous Okrug – Ugra; Kirov Oblast; Komi Republic; Kurgan Oblast; Murmansk Oblast; Nenets Autonomous Okrug; Penza Oblast; Perm Krai; Republic of Karelia; Samara Oblast; Saratov Oblast; Sverdlovsk Oblast; Tatarstan; Tyumen Oblast; Udmurtia; Ulyanovsk Oblast; Yamalo-Nenets Autonomous Okrug,4aa1c9c7-6446-4985-9c77-c37fb188992a,d990fc35-cfcb-4f66-b556-031538196f6c
Russian Federation,4,9,8.965047,f,36291466,36291466,0.692774,8,t,Adygea; Astrakhan Oblast; Belgorod Oblast; Bryansk Oblast; Chechnya; Dagestan; Ingushetia; Kabardino-Balkaria; Kalmykia; Kaluga Oblast; Karachay-Cherkessia; Krasnodar Krai; Kursk Oblast; Lipetsk Oblast; North Ossetia–Alania; Oryol Oblast; Rostov Oblast; Stavropol Krai; Tambov Oblast; Tula Oblast; Volgograd Oblast; Voronezh Oblast,e28a571a-4073-4905-b8ae-4ff316227431,d990fc35-cfcb-4f66-b556-031538196f6c
Rājasthān,1,7,6.974310,f,27744314,27744314,0.657132,1,t,Banswara; Baran; Bharatpur; Bhilwara; Bundi; Chittaurgarh; Dausa; Dhaulpur; Dungarpur; Jhalawar; Karauli; Kota; Pratapgarh; Rajsamand; Sawai Madhopur; Tonk; Udaipur,b638bcdc-1866-4c81-83a1-5744d323011d,a0614e7a-dc45-41d3-b9f3-59b746890a9a
Rājasthān,2,7,6.984806,f,27786065,27786065,0.693532,2,t,Ajmer; Alwar; Jaipur; Jhunjhunun; Nagaur; Sikar,7ba5ea56-d165-4905-94bd-fee3798a966e,a0614e7a-dc45-41d3-b9f3-59b746890a9a
Rājasthān,3,7,7.040884,f,28009149,28009149,0.772694,1,t,Barmer; Bikaner; Churu; Ganganagar; Hanumangarh; Jaisalmer; Jalor; Jodhpur; Pali; Sirohi,84332fe4-71f9-46b8-9b47-7589dfd3fc6e,a0614e7a-dc45-41d3-b9f3-59b746890a9a
Sao Paulo,1,6,6.003865,f,23049080,23049080,0.647865,20,t,Aparecida; Arapeí; Areias; Arujá; Bananal; Bertioga; Biritiba Mirim; Cachoeira Paulista; Campos do Jordão; Canas; Caraguatatuba; Caçapava; Cruzeiro; Cubatão; Cunha; Diadema; Embu das Artes; Embu-Guaçu; Ferraz de Vasconcelos; Guararema; Guaratinguetá; Guarujá; Guarulhos; Ilhabela; Itanhaém; Itapecerica da Serra; Itaquaquecetuba; Itariri; Jacareí; Jambeiro; Joanópolis; Juquitiba; Lagoinha; Lavrinhas; Lorena; Mauá; Mogi das Cruzes; Mongaguá; Monteiro Lobato; Natividade da Serra; Paraibuna; Pedro de Toledo; Peruíbe; Pindamonhangaba; Piquete; Potim; Poá; Praia Grande; Queluz; Redenção da Serra; Ribeirão Pires; Rio Grande da Serra; Roseira; Salesópolis; Santa Branca; Santa Isabel; Santo André; Santo Antônio do Pinhal; Santos; Sapucaí-Mirim; Silveiras; Suzano; São Bento do Sapucaí; São Bernardo do Campo; São Caetano do Sul; São José do Barreiro; São José dos Campos; São Lourenço da Serra; São Luiz do Paraitinga; São Paulo; São Sebastião; São Vicente; Taboão da Serra; Taubaté; Tremembé; Ubatuba,de576e47-f879-4163-a9d0-4a901d29034c,36de5c9d-1561-47f9-a4ee-49ae070051d1
Sao Paulo,2,6,5.996135,f,23019408,23019408,0.772136,4,t,Adamantina; Adolfo; Aguaí; Agudos; Alambari; Alfredo Marcondes; Altair; Altinópolis; Alto Alegre; Alumínio; Alvinlândia; Americana; Amparo; Américo Brasiliense; Américo de Campos; Analândia; Andradina; Angatuba; Anhembi; Anhumas; Aparecida d'Oeste; Apiaí; Aramina; Arandu; Araraquara; Araras; Araçariguama; Araçatuba; Araçoiaba da Serra; Arco-Íris; Arealva; Areiópolis; Ariranha; Artur Nogueira; Aspásia; Assis; Atibaia; Auriflama; Avanhandava; Avaré; Avaí; Bady Bassitt; Balbinos; Barbosa; Bariri; Barra Bonita; Barra do Chapéu; Barra do Turvo; Barretos; Barrinha; Barueri; Barão de Antonina; Bastos; Batatais; Bauru; Bebedouro; Bento de Abreu; Bernardino de Campos; Bilac; Birigui; Boa Esperança do Sul; Bocaina; Bofete; Boituva; Bom Jesus dos Perdões; Bom Sucesso de Itararé; Boracéia; Borborema; Borebi; Borá; Botucatu; Bragança Paulista; Braúna; Brejo Alegre; Brodowski; Brotas; Buri; Buritama; Buritizal; Bálsamo; Cabreúva; Cabrália Paulista; Caconde; Cafelândia; Caiabu; Caieiras; Caiuá; Cajamar; Cajati; Cajobi; Cajuru; Campina do Monte Alegre; Campinas; Campo Limpo Paulista; Campos Novos Paulista; Cananéia; Canitar; Capela do Alto; Capivari; Capão Bonito; Carapicuíba; Cardoso; Casa Branca; Castilho; Catanduva; Catiguá; Cedral; Cerqueira César; Cerquilho; Cesário Lange; Charqueada; Chavantes; Clementina; Colina; Colômbia; Conchal; Conchas; Cordeirópolis; Coroados; Coronel Macedo; Corumbataí; Cosmorama; Cosmópolis; Cotia; Cravinhos; Cristais Paulista; Cruzália; Cândido Mota; Cândido Rodrigues; Descalvado; Dirce Reis; Divinolândia; Dobrada; Dois Córregos; Dolcinópolis; Dourado; Dracena; Duartina; Dumont; Echaporã; Eldorado; Elias Fausto; Elisiário; Embaúba; Emilianópolis; Engenheiro Coelho; Espírito Santo do Pinhal; Espírito Santo do Turvo; Estiva Gerbi; Estrela d'Oeste; Estrela do Norte; Euclides da Cunha Paulista; Fartura; Fernando Prestes; Fernandópolis; Fernão; Flora Rica; Floreal; Florínea; Flórida Paulista; Franca; Francisco Morato; Franco da Rocha; Gabriel Monteiro; Garça; Gastão Vidigal; Gavião Peixoto; General Salgado; Getulina; Glicério; Guaimbê; Guaiçara; Guapiara; Guapiaçu; Guaraci; Guarani d'Oeste; Guarantã; Guararapes; Guaraçaí; Guareí; Guariba; Guará; Guatapará; Guaíra; Guzolândia; Gália; Herculândia; Holambra; Hortolândia; Iacanga; Iacri; Iaras; Ibaté; Ibirarema; Ibirá; Ibitinga; Ibiúna; Icém; Iepê; Igaratá; Igaraçu do Tietê; Iguape; Ilha Comprida; Ilha Solteira; Indaiatuba; Indiana; Indiaporã; Inúbia Paulista; Ipaussu; Iperó; Ipeúna; Ipiguá; Iporanga; Ipuã; Iracemápolis; Irapuru; Irapuã; Itaberá; Itajobi; Itaju; Itaoca; Itapetininga; Itapeva; Itapevi; Itapira; Itapirapuã Paulista; Itaporanga; Itapura; Itapuí; Itararé; Itatiba; Itatinga; Itaí; Itirapina; Itirapuã; Itobi; Itu; Itupeva; Ituverava; Itápolis; Jaborandi; Jaboticabal; Jaci; Jacupiranga; Jaguariúna; Jales; Jandira; Jardinópolis; Jarinu; Jaú; Jeriquara; José Bonifácio; João Ramalho; Jumirim; Jundiaí; Junqueirópolis; Juquiá; Júlio Mesquita; Laranjal Paulista; Lavínia; Leme; Lençóis Paulista; Limeira; Lindóia; Lins; Lourdes; Louveira; Lucianópolis; Lucélia; Luiziânia; Lupércio; Lutécia; Luís Antônio; Macatuba; Macaubal; Macedônia; Magda; Mairinque; Mairiporã; Manduri; Marabá Paulista; Maracaí; Marapoama; Marinópolis; Mariápolis; Martinópolis; Marília; Matão; Mendonça; Meridiano; Mesópolis; Miguelópolis; Mineiros do Tietê; Mira Estrela; Miracatu; Mirandópolis; Mirante do Paranapanema; Mirassol; Mirassolândia; Mogi Guaçu; Mogi Mirim; Mombuca; Monte Alegre do Sul; Monte Alto; Monte Aprazível; Monte Azul Paulista; Monte Castelo; Monte Mor; Monções; Morro Agudo; Morungaba; Motuca; Murutinga do Sul; Nantes; Narandiba; Nazaré Paulista; Neves Paulista; Nhandeara; Nipoã; Nova Aliança; Nova Campina; Nova Canaã Paulista; Nova Castilho; Nova Europa; Nova Granada; Nova Guataporanga; Nova Independência; Nova Luzitânia; Nova Odessa; Novais; Novo Horizonte; Nuporanga; Ocauçu; Olímpia; Onda Verde; Oriente; Orindiúva; Orlândia; Osasco; Oscar Bressane; Osvaldo Cruz; Ourinhos; Ouro Verde; Ouroeste; Pacaembu; Palestina; Palmares Paulista; Palmeira d'Oeste; Palmital; Panorama; Paraguaçu Paulista; Paranapanema; Paranapuã; Parapuã; Paraíso; Pardinho; Pariquera-Açu; Parisi; Patrocínio Paulista; Paulicéia; Paulistânia; Paulo de Faria; Paulínia; Pederneiras; Pedranópolis; Pedregulho; Pedreira; Pedrinhas Paulista; Penápolis; Pereira Barreto; Pereiras; Piacatu; Piedade; Pilar do Sul; Pindorama; Pinhalzinho; Piquerobi; Piracaia; Piracicaba; Piraju; Pirajuí; Pirangi; Pirapora do Bom Jesus; Pirapozinho; Pirassununga; Piratininga; Pitangueiras; Planalto; Platina; Poloni; Pompéia; Pongaí; Pontal; Pontalinda; Pontes Gestal; Populina; Porangaba; Porto Feliz; Porto Ferreira; Potirendaba; Pracinha; Pradópolis; Pratânia; Presidente Alves; Presidente Bernardes; Presidente Epitácio; Presidente Prudente; Presidente Venceslau; Promissão; Quadra; Quatá; Queiroz; Quintana; Rafard; Rancharia; Regente Feijó; Reginópolis; Registro; Restinga; Ribeira; Ribeirão Bonito; Ribeirão Branco; Ribeirão Corrente; Ribeirão Grande; Ribeirão Preto; Ribeirão do Sul; Ribeirão dos Índios; Rincão; Rinópolis; Rio Claro; Rio das Pedras; Riolândia; Riversul; Rosana; Rubinéia; Rubiácea; Sabino; Sagres; Sales; Sales Oliveira; Salmourão; Saltinho; Salto; Salto Grande; Salto de Pirapora; Sandovalina; Santa Adélia; Santa Albertina; Santa Bárbara d'Oeste; Santa Clara d'Oeste; Santa Cruz da Conceição; Santa Cruz da Esperança; Santa Cruz das Palmeiras; Santa Cruz do Rio Pardo; Santa Ernestina; Santa Fé do Sul; Santa Gertrudes; Santa Lúcia; Santa Maria da Serra; Santa Mercedes; Santa Rita d'Oeste; Santa Rita do Passa Quatro; Santa Rosa de Viterbo; Santa Salete; Santana da Ponte Pensa; Santana de Parnaíba; Santana do Itararé; Santo Anastácio; Santo Antônio de Posse; Santo Antônio do Aracanguá; Santo Expedito; Santópolis do Aguapeí; Sarapuí; Sarutaiá; Sebastianópolis do Sul; Serra Azul; Serra Negra; Serrana; Sertãozinho; Sete Barras; Severínia; Socorro; Sorocaba; Sud Mennucci; Sumaré; Suzanápolis; São Carlos; São Francisco; São Joaquim da Barra; São José da Bela Vista; São José do Rio Pardo; São José do Rio Preto; São João da Boa Vista; São João das Duas Pontes; São João de Iracema; São João do Pau d'Alho; São Manuel; São Miguel Arcanjo; São Pedro; São Pedro do Turvo; São Roque; São Sebastião da Grama; São Simão; Tabapuã; Tabatinga; Taciba; Taguaí; Taiaçu; Taiúva; Tambaú; Tanabi; Tapiratiba; Tapiraí; Taquaral; Taquaritinga; Taquarituba; Taquarivaí; Tarabai; Tarumã; Tatuí; Tejupá; Teodoro Sampaio; Terra Roxa; Tietê; Timburi; Torre de Pedra; Torrinha; Trabiju; Três Fronteiras; Tuiuti; Tupi Paulista; Tupã; Turiúba; Turmalina; Ubarana; Ubirajara; Uchoa; União Paulista; Uru; Urupês; Urânia; Valentim Gentil; Valinhos; Valparaíso; Vargem; Vargem Grande Paulista; Vargem Grande do Sul; Vera Cruz; Vinhedo; Viradouro; Vista Alegre do Alto; Vitória Brasil; Votorantim; Votuporanga; Várzea Paulista; Zacarias; Águas de Santa Bárbara; Águas de São Pedro; Álvares Florence; Álvares Machado; Álvaro de Carvalho; Óleo,35e4aa6e-7f82-4578-8dfe-cccf26afef86,36de5c9d-1561-47f9-a4ee-49ae070051d1
Shaanxi Province,1,5,5.004694,f,19542877,19542877,0.760883,1,t,Ankangshi; Baihexian; Changanxian; Chengguxian; Danfengxian; Fopingxian; Hanyinxian; Hanzhongshi; Huaxian; Huayinshi; Huxian; Langaoxian; Lantianxian; Liubaxian; Lueyangxian; Luonanxian; Mianxian; Ningshanxian; Pinglixian; Shangnanxian; Shangzhoushi; Shanyangxian; Shiquanxian; Taibaixian; Tongguanxian; Weinanshi; Xianshi; Xixiangxian; Xunyangxian; Yangxian; Zhenanxian; Zhenbaxian; Zhenpingxian; Zhiyangxian; Zhouzhixian; Zuoshuixian,02464dcc-1f2d-4cef-a001-1ff62dced4f2,6d7c6070-cde3-4839-9091-89a876e4c4d2
Shaanxi Province,2,5,4.995306,t,19506214,19506214,0.664161,1,t,Ansaixian; Baishuixian; Baojishi; Baojixian; Binxian; Chengchengxian; Chunhuaxian; Dalixian; Dingbaixian; Fengxian; Fengxiangxian; Fufengxian; Fuguxian; Fupingxian; Fuxian; Ganquanxian; Gaolingshi; Hanchengshi; Hengshanxian; Heyangxian; Huanglingxian; Huanglongxian; Jiaxian; Jingbianxian; Jingyangxian; Lintongxian; Linyouxian; Liquanxian; Longxian; Luochuanxian; Meixian; Mizhixian; Puchengxian; Qianxian; Qianyangxian; Qingjianxian; Qishanxian; Shanyuanxian; Shenmuxian; Suidexian; Tongchuanshi; Wubaoxian; Wugongxian; Wuqixian; Xianyangshi; Xingpingshi; Xunyixian; Yananshi; Yanchangxian; Yanchuanxian; Yaoxian; Yichuanxian; Yijunxian; Yongshouxian; Yulinshi; Zhidanxian; Zichangxian; Zizhouxian,00d213b6-fb63-4adb-8b7d-8290fccf79fc,6d7c6070-cde3-4839-9091-89a876e4c4d2
Shandong Province,1,8,8.004722,f,33180758,33180758,0.706589,1,t,Anqiushi; Changlexian; Changyishi; Dongyingshi; Gaomishi; Guangraoxian; Haiyangxian; Jiaonanshi; Jiaozhoushi; Jimoshi; Juxian; Laixishi; Laiyangshi; Laizhoushi; Linjuxian; Longkoushi; Mupingxian; Penglaixian; Pingdushi; Qingdaoshi; Qingdaoshi; Qingzhoushi; Qixiashi; Rizhaoshi; Rongchengshi; Rushanshi; Shouguangshi; Weifangshi; Weihaishi; Wendengshi; Wulianxian; Yantaishi; Yishuixian; Zhaoyuanshi; Zhuchengshi,5c4eb146-c369-4345-ad35-93c9fafbeda4,9b746c04-73dc-458a-b05a-42fbf10f4dc0
Shandong Province,2,8,7.952441,f,32964045,32964045,0.670611,1,t,Binzhoushi; Boxingxian; Changshangxian; Dongyingshi; Feixian; Gaoqingxian; Huantanxian; Huiminxian; Jiyangxian; Junanxian; Kenlixian; Laiwushi; Lijinxian; Linshuxian; Linyishi; Mengyinxian; Pingyixian; Qingyunxian; Shanghexian; Sishuixian; Taianshi; Tanchengxian; Tengzhoushi; Wulixian; Xintaishi; Yangxinxian; Yinanxian; Yiyuanxian; Zhangqiushi; Zhanhuaxian; Zhaozhuangshi; Zhouchengshi; Zhoupingxian; Ziboshi,f6b85ef8-f44c-42c7-ba0b-cf6f3d1f1c05,9b746c04-73dc-458a-b05a-42fbf10f4dc0
Shandong Province,3,8,8.042838,f,33338755,33338755,0.737093,1,t,Changqingxian; Chengwuxian; Chepingxian; Danxian; Dezhoushi; Dingtaoxian; Dongerxian; Dongmingxian; Dongpingxian; Feichengxian; Gaotangixan; Guanxian; Hezheshi; Jiaxiangxian; Jinanshi; Jiningshi; Jinxiangxian; Juyexian; Leningshi; Liangshanxian; Liaochengshi; Lingxian; Linqingshi; Linyixian; Ningjinxian; Ningyangxian; Pingyinxian; Pingyuanxian; Qihexian; Qufushi; Wenshangxian; Wuchengxian; Wuqiaoxian; Xiajinxian; Xinxian; Yangguxian; Yanzhoushi; Yuchengxian; Yunchengxian; Yutaixian; Zhenchengxian,495a5424-b675-4a51-9d66-5e98786664ea,9b746c04-73dc-458a-b05a-42fbf10f4dc0
Sichuan Province,1,7,6.992618,f,28847311,28847311,0.750071,1,t,Abaxian; Baiyuxian; Baoxingxian; Batangxian; Bixian; Butuoxian; Chongzhoushi; Danbaxian; Danlingxian; Daochengxian; Daofuxian; Dayixian; Dechangxian; Degexian; Derongxian; Dujiangyanshi; Erbianyizuzizhixian; Ermeishanshi; Ganluoxian; Ganzhixian; Gongyanxian; Guanghanshi; Hanyuanxian; Heishuixian; Hongyaxian; Hongyuanxian; Huidongxian; Huilixian; Jiajiangxian; Jianweixian; Jinchuanxian; Jinkouhequ; Jinyangxian; Jiulongxian; Kangdingxian; Leiboxian; Leshanshi; Litangxian; Lixian; Ludingxian; Luohuoxian; Lushanxian; Mabianyizuzizhixian; Maerkangxian; Meiguxian; Meishanxian; Mianningxian; Mianzhuxian; Mingshanxian; Miyixian; Muchuanxian; Mulicangzuzizhixian; Nanpingxian; Ningnanxian; Panzhihuashi; Pengshanxian; Pengzhoushi; Pugexian; Pujiangxian; Qingshenxian; Qionglaixian; Rangtangxian; Renshouxian; Ruoergaixian; Shedaxian; Shefangxian; Shimianxian; Shiquxian; Shongpanxian; Suangliuxian; Tianquanxian; Wenchuanxian; Wenjaingxian; Xiangchengxian; Xiaojinxian; Xichangshi; Xidexian; Xinduxian; Xinjinxian; Xinlongxian; Yaanshi; Yajiangxian; Yanbianxian; Yanyuanxian; Yongjingxian; Yuexixian; Zhaojuexian,0a92fad5-31c2-4d1c-968b-5d4c8ca8c05f,e08a8b55-6467-4ec9-ba6d-0f9d1c19cd63
Sichuan Province,2,7,7.031672,f,29008426,29008426,0.692494,1,t,Anyuexian; Changningxian; Chengdushi; Fushunxian; Gaoxian; Gongxian; Gulinxian; Hejiangxian; Jianganxian; Jiangjinshi; Jianyangshi; Jintangxian; Junlianxian; Lezhixian; Longchangxian; Luxian; Luzhoushi; Nanxixian; Naxixian; Neijiangshi; Rongchangxian; Rongxian; Tongnanxian; Weiyuanxian; Xingwenxian; Xuyongxian; Yibinshi; Yibinxian; Zigongshi; Ziyangshi; Zizhongxian,cde411ea-f448-4622-920d-28e9b09c386e,e08a8b55-6467-4ec9-ba6d-0f9d1c19cd63
Sichuan Province,3,7,6.975711,f,28777563,28777563,0.781831,1,t,Anxian; Bazhongshi; Beichuanxian; Changxixian; Dachuanshi; Daxian; Dazhuxian; Deyangshi; Guanganxian; Guanyuanshi; Jiangexian; Jiangyoushi; Kaijiangxian; Langzhongshi; Linshuixian; Maoxian; Mianyangshi; Nanbuxian; Nanchongshi; Nanjiangxian; Nanzhengxian; Ningqiangxian; Penganxian; Pengxixian; Pingchangxian; Pingwuxian; Qingchuanxian; Quxian; Shantaixian; Shehongxian; Suiningshi; Tongjiangxian; Wangchangxian; Wanyuanxian; Xichongxian; Xuanhanxian; Yantingxian; Yilongxian; Yingshanxian; Yuechixian; Zhitongxian; Zhongjiangxian,769c23a4-8390-4213-bdeb-a9c1519491a9,e08a8b55-6467-4ec9-ba6d-0f9d1c19cd63
Sindh,1,7,6.998594,f,27311410,27311410,0.822149,1,t,Badin; Hyderabad; Jamshoro; Karachi; Tando Muhammad Khan; Thatta,3fb13e78-0251-4f35-9a1f-ad3e00fc5518,ff58aed2-d170-4b9d-89a3-641947355403
Sindh,2,7,7.001406,f,27322382,27322382,0.752700,1,t,Dadu; Ghotki; Jacobabad; Kashmore; Khairpur; Matiari; Mirpurkhas; Naushehro Feroze; Nawabshah; Qambar Shahdadkot; Sanghar; Shikarpur; Sukkur; Tando Allahyar; Tharparkar; Umerkot,5dcb302f-ecbb-463a-baef-23eaead859fc,ff58aed2-d170-4b9d-89a3-641947355403
South Africa,1,8,8.100022,f,31785577,31785577,0.742231,12,t,Eastern Cape; Free State; KwaZulu-Natal; Nothern Cape; Western Cape,01293145-83a3-4296-a5bf-49719afea8ef,d2945cab-dda8-435f-97f0-9db50bb8fa7e
South Africa,2,8,7.899978,f,31000580,31000580,0.753097,1,t,Gauteng; Limpopo; Mpumalanga; North West,25690bdf-6baa-4351-a461-ad58295cfed6,d2945cab-dda8-435f-97f0-9db50bb8fa7e
Spain,1,6,6.110547,f,24368713,24368713,0.219709,1030,t,Andalucía; Canarias; Cantabria; Castilla y León; Ciudad Autónoma de Ceuta; Ciudad Autónoma de Melilla; Comunidad de Madrid; Extremadura; Principado de Asturias; Región de Murcia,b43a335b-ca80-4f19-8ce5-fb7de19b6db1,4445c04a-1ee4-49cb-9a83-6caf1ee77c89
Spain,2,6,5.889453,f,23486999,23486999,0.467052,226,f,Aragón; Castilla-La Mancha; Cataluña/Catalunya; Comunidad Foral de Navarra; Comunitat Valenciana; Galicia; Illes Balears; La Rioja; País Vasco/Euskadi,a9984a1a-3bcc-4cd1-bbd3-9e8f838ff22d,4445c04a-1ee4-49cb-9a83-6caf1ee77c89
Sudan,1,6,6.017797,f,25119726,25119726,0.757277,1,t,Blue Nile; Gezira; Khartoum; North Kordofan; Sennar; White Nile,dca3f0f8-f5de-40d7-9a5a-3603c0aa9758,13e01261-b825-46ed-8593-7ee2d089d2e7
Sudan,2,6,5.982203,f,24971147,24971147,0.724535,1,t,Abyei PCA; Central Darfur; East Darfur; Gedaref; Kassala; North Darfur; Northern; Red Sea; River Nile; South Darfur; South Kordofan; West Darfur; West Kordofan,0ce8adf9-03dc-46cb-8c0c-6d5abbc9c8b6,13e01261-b825-46ed-8593-7ee2d089d2e7
Tamil Nādu,1,5,4.928080,t,19932635,19932635,0.717392,14,t,Dindigul; Kanniyakumari; Madurai; Pudukkottai; Ramanathapuram; Sivaganga; Tenkasi; Theni; Thoothukkudi; Tirunelveli; Virudhunagar,b3afa5d7-7d25-451f-8b09-a2972da41e0a,fc3aa94a-6300-420f-9d3c-babc4b9efea3
Tamil Nādu,2,5,5.050235,f,20426716,20426716,0.513363,1,t,Coimbatore; Karur; Mayiladuthurai; Nagapattinam; Thanjavur; The Nilgiris; Thiruvarur; Tiruchirappalli; Tiruppur,16d87622-1abe-4b7f-8482-c99ab9b37072,fc3aa94a-6300-420f-9d3c-babc4b9efea3
Tamil Nādu,3,5,4.989383,t,20180585,20180585,0.624225,2,t,Ariyalur; Cuddalore; Dharmapuri; Erode; Namakkal; Perambalur; Puducherry; Salem; Viluppuram,db766a1e-5aee-4ac4-8bb3-7d1e0613b52c,fc3aa94a-6300-420f-9d3c-babc4b9efea3
Tamil Nādu,4,5,5.032302,f,20354180,20354180,0.652184,1,t,Chengalputtu; Chennai; Kallakurichi; Kancheepuram; Krishnagiri; Ranipet; Thiruvallur; Tirupathur; Tiruvannamalai; Vellore,2dd97cf9-1223-46e1-b023-0c0e7d4931c1,fc3aa94a-6300-420f-9d3c-babc4b9efea3
Telangāna,1,5,5.014083,f,19698402,19698402,0.793555,1,t,Hydrabad; Jogulamba; Kamareddy; Mahabubnagar; Medak; Medchal; Nagarkurnool; Narayanpet; Rangareddy; Sangareddy; Vikarabad; Wanaparthy,1c71367b-ff35-4f24-a6fe-55ee2d7e0bc5,ba5acc44-e185-43e0-a5b1-857777c9d194
Telangāna,2,6,5.985917,f,23516364,23516364,0.723803,1,t,Adilabad; Bhadradri; Jagtial; Jangaon; Jayashankar; Karimnagar; Khammam; Komaram Bheem; Mahabubabad; Mancherial; Mulugu; Nalgonda; Nirmal; Nizamabad; Peddapalli; Rajanna Sircilla; Siddipet; Suryapet; Warangal (R); Warangal (U); Yadadri Bhongiri,5870d7eb-27d6-4881-8264-2405cf73ec78,ba5acc44-e185-43e0-a5b1-857777c9d194
Thailand,1,9,8.862706,f,35300515,35300515,0.812226,1,t,Amnat Charoen Province; Ang Thong Province; Bueng Kan Province; Buri Ram Province; Chai Nat Province; Chaiyaphum Province; Chiang Mai Province; Chiang Rai Province; Kalasin; Kamphaeng Phet Province; Kanchanaburi Province; Khon Kaen Province; Lampang Province; Lamphun Province; Loei Province; Lopburi Province; Mae Hong Son Province; Maha Sarakham Province; Mukdahan Province; Nakhon Nayok Province; Nakhon Phanom Province; Nakhon Ratchasima Province; Nakhon Sawan Province; Nan Province; Nong Bua Lam Phu Province; Nong Khai Province; Pathum Thani Province; Phayao Province; Phetchabun Province; Phichit Province; Phitsanulok Province; Phra Nakhon Si Ayutthaya Province; Phrae Province; Roi Et Province; Sakon Nakhon Province; Saraburi Province; Si Sa Ket Province; Sing Buri Province; Sukhothai Province; Suphan Buri Province; Surin Province; Tak Province; Ubon Ratchathani Province; Udon Thani Province; Uthai Thani Province; Uttaradit Province; Yasothon Province,b83c649a-fa3e-4feb-aa21-701f99a81daa,189e6c0a-c90e-448e-b0b9-2c9a747ca386
Thailand,2,9,9.137294,f,36394208,36394208,0.314158,70,t,Bangkok; Chachoengsao Province; Chanthaburi Province; Chon Buri Province; Chumphon Province; Krabi Province; Nakhon Pathom Province; Nakhon Si Thammarat Province; Narathiwat Province; Nonthaburi Province; Pattani Province; Phangnga Province; Phatthalung Province; Phetchaburi Province; Phuket Province; Prachin Buri Province; Prachuap Khiri Khan Province; Ranong Province; Ratchaburi Province; Rayong Province; Sa Kaeo Province; Samut Prakan Province; Samut Sakhon Province; Samut Songkhram Province; Satun Province; Songkhla Province; Surat Thani Province; Trang Province; Trat Province; Yala Province,ee0645c1-3160-4483-bacb-600e7063fb6b,189e6c0a-c90e-448e-b0b9-2c9a747ca386
Turkey,1,8,8.056870,f,31913996,31913996,0.582344,379,t,Aydın; Balıkesir; Bursa; Edirne; Kırklareli; Manisa; Muğla; Tekirdağ; Yalova; Çanakkale; İstanbul; İzmir,5c4fd393-6da6-43ce-be24-b7d1e3ce56a6,d95315a9-cded-45d5-b328-12ba8f29b7a6
Turkey,2,7,6.991582,f,27694292,27694292,0.795889,58,t,Afyonkarahisar; Aksaray; Amasya; Ankara; Antalya; Bartın; Bilecik; Bolu; Burdur; Denizli; Düzce; Eskişehir; Isparta; Karabük; Karaman; Kastamonu; Kocaeli; Konya; Kütahya; Kırıkkale; Kırşehir; Mersin; Nevşehir; Niğde; Sakarya; Samsun; Sinop; Uşak; Zonguldak; Çankırı; Çorum,221cd4bc-2bba-4287-8851-80e157d2bbe6,d95315a9-cded-45d5-b328-12ba8f29b7a6
Turkey,3,7,6.951548,f,27535713,27535713,0.799878,15,t,Adana; Adıyaman; Ardahan; Artvin; Ağrı; Batman; Bayburt; Bingöl; Bitlis; Diyarbakır; Elazığ; Erzincan; Erzurum; Gaziantep; Giresun; Gümüşhane; Hakkâri; Hatay; Iğdır; Kahramanmaraş; Kars; Kayseri; Kilis; Malatya; Mardin; Muş; Ordu; Osmaniye; Rize; Siirt; Sivas; Tokat; Trabzon; Tunceli; Van; Yozgat; Şanlıurfa; Şırnak,801b0bec-8f86-4964-860c-8e7434fa6b44,d95315a9-cded-45d5-b328-12ba8f29b7a6
Uganda,1,6,5.862753,f,23422369,23422369,0.635135,41,t,Central Region; Northern Region,2f835927-255d-46e2-bf4b-79e3d1e81ea7,4918dd02-9039-4006-8c46-e44b717168db
Uganda,2,6,6.137247,f,24519004,24519004,0.518827,9,f,Eastern Region; Western Region,8a31dc4d-fda1-4bcd-a18d-60bbf7323d6f,4918dd02-9039-4006-8c46-e44b717168db
Ukraine,1,5,4.992287,f,18981358,18981358,0.700572,1,t,Autonomous Republic of Crimea; Dnipropetrovsk Oblast; Donetsk Oblast; Kharkiv Oblast; Kherson Oblast; Luhansk Oblast; Mykolaiv Oblast; Odessa Oblast; Poltava Oblast; Sevastopol; Zaporizhia Oblast,489bbf67-da0f-4f87-94ab-c345b46eb104,923fa440-8770-4eca-ac15-4575512e9125
Ukraine,2,5,5.007713,f,19040007,19040007,0.775298,1,t,Cherkasy Oblast; Chernihiv Oblast; Chernivtsi Oblast; Ivano-Frankivsk Oblast; Khmelnytskyi Oblast; Kirovohrad Oblast; Kyiv; Kyiv Oblast; Lviv Oblast; Rivne Oblast; Sumy Oblast; Ternopil Oblast; Vinnytsia Oblast; Volyn Oblast; Zakarpattia Oblast; Zhytomyr Oblast,ed76b6dd-2e18-4876-8c15-f1d83e677f6c,923fa440-8770-4eca-ac15-4575512e9125
United Kingdom,1,3,3.000000,t,10466326,10466326,0.343455,177,t,Northern Ireland; Scotland; Wales,d3f60f84-186e-4f44-8e24-d6c65d3ba343,b8d2645b-6abd-4602-a34b-633ba1ebf231
United Republic of Tanzania,1,8,7.983160,f,32749739,32749739,0.586259,56,f,Dar es Salaam; Iringa; Katavi; Lindi; Manyara; Mbeya; Mtwara; Njombe; North Pemba; Pwani; Rukwa; Ruvuma; Shinyanga; Simiyu; Singida; South Pemba; Zanzibar North; Zanzibar South & Central; Zanzibar Urban/West,d3f68e40-f86b-4e33-b234-cf910e673517,1006e6d5-6429-4f68-8c94-862f8499e64b
United Republic of Tanzania,2,8,8.016840,f,32887905,32887905,0.563778,2,t,Arusha; Dodoma; Geita; Kagera; Kigoma; Kilimanjaro; Mara; Morogoro; Mwanza; Tabora; Tanga,bd1af73f-6a11-426c-a2b9-c912f053db4b,1006e6d5-6429-4f68-8c94-862f8499e64b
United States of America,1,9,8.637037,f,34869268,34869268,0.657668,279,t,Connecticut; Maine; Massachusetts; New Hampshire; New York; Rhode Island; Vermont,3bcd3110-8dc1-41a5-b591-fa21ae602a86,cd7f7810-915a-4d9e-a424-b8645c25ec42
United States of America,2,9,9.291941,f,37513235,37513235,0.071761,654,t,Alaska; Arizona; Colorado; Idaho; Montana; Nevada; Oregon; Utah; Washington; Wyoming,e6c2b069-5496-4a3b-9e82-ef536eb0032a,cd7f7810-915a-4d9e-a424-b8645c25ec42
United States of America,3,9,9.184194,f,37078240,37078240,0.049937,68,t,American Samoa; Hawaii; New Mexico; Oklahoma; Texas,f27fc555-e88c-4298-97c3-c8df1e4de062,cd7f7810-915a-4d9e-a424-b8645c25ec42
United States of America,4,8,7.960556,f,32138193,32138193,0.750726,20,t,Delaware; District of Columbia; Maryland; New Jersey; Pennsylvania; West Virginia,a336ecca-c9d5-4087-8175-0feafdb98033,cd7f7810-915a-4d9e-a424-b8645c25ec42
United States of America,5,9,8.995023,f,36314522,36314522,0.785485,27,t,Georgia; North Carolina; South Carolina; Virginia,6654661d-bf10-4c5b-b12e-b401e83e4430,cd7f7810-915a-4d9e-a424-b8645c25ec42
United States of America,6,8,8.192274,f,33073681,33073681,0.010124,178,t,Alabama; Commonwealth of the Northern Mariana Islands; Florida; Guam; Puerto Rico; United States Virgin Islands,ef94d21a-d883-4c5c-9a67-d4691c0d1dfe,cd7f7810-915a-4d9e-a424-b8645c25ec42
United States of America,7,8,7.518706,f,30354365,30354365,0.800363,53,t,Arkansas; Illinois; Louisiana; Mississippi; Missouri,350cda6a-3d08-4245-b529-8ced99b96a3e,cd7f7810-915a-4d9e-a424-b8645c25ec42
United States of America,8,8,7.884069,f,31829403,31829403,0.772066,141,t,Iowa; Kansas; Michigan; Minnesota; Nebraska; North Dakota; South Dakota; Wisconsin,4c88bdd2-85db-4bca-ba84-4b0c66373b1c,cd7f7810-915a-4d9e-a424-b8645c25ec42
United States of America,9,7,7.336202,f,29617566,29617566,0.825975,12,t,Indiana; Kentucky; Ohio; Tennessee,cd9f2842-a664-4755-8829-1cfcc4cebc8a,cd7f7810-915a-4d9e-a424-b8645c25ec42
Uttar Pradesh,1,8,8.035117,f,32106783,32106783,0.600726,1,t,Auraiya; Banda; Chitrakoot; Fatehpur; Hamirpur; Hardoi; Jalaun; Jhansi; Kannauj; Kanpur Dehat; Kanpur Nagar; Kaushambi; Lalitpur; Mahoba,0f057229-4175-4988-897d-4075a002f7f7,bc2eaef9-36f0-4b80-aed2-621166f11900
Uttar Pradesh,2,9,9.021018,f,36046255,36046255,0.715246,1,t,Baghpat; Bijnor; Bulandshahr; Gautam Buddha Nagar; Ghaziabad; Hapur; Meerut; Moradabad; Muzaffarnagar; Saharanpur; Samli,90ab707b-e814-4e58-9832-2df5ffb333a9,bc2eaef9-36f0-4b80-aed2-621166f11900
Uttar Pradesh,3,9,8.956048,f,35786646,35786646,0.655168,1,t,Ambedkar Nagar; Azamgarh; Ballia; Deoria; Gorakhpur; Kushinagar; Mahrajganj; Mau; Sultanpur,09d675ec-f0ac-4d95-8417-6c8e7958e1c9,bc2eaef9-36f0-4b80-aed2-621166f11900
Uttar Pradesh,4,9,9.007987,f,35994185,35994185,0.653736,1,t,Bahraich; Balrampur; Bareilly; Farrukhabad; Kheri; Lucknow; Pilibhit; Shahjahanpur; Shrawasti; Sitapur; Unnao,59ba6a9e-b2aa-4664-b6c7-6eb0837159c7,bc2eaef9-36f0-4b80-aed2-621166f11900
Uttar Pradesh,5,8,8.081045,f,32290302,32290302,0.706053,1,t,Allahabad; Chandauli; Ghazipur; Mirzapur; Sant Ravidas Nagar (Bhadohi); Sonbhadra; Varanasi,4eb141f1-53f6-48f3-96bf-d93ecc0cbd84,bc2eaef9-36f0-4b80-aed2-621166f11900
Uttar Pradesh,6,9,8.899165,f,35559353,35559353,0.680188,1,t,Agra; Aligarh; Budaun; Etah; Etawah; Firozabad; Jyotiba Phule Nagar; Kanshiram Nagar; Mahamaya Nagar; Mainpuri; Mathura; Rampur; Sambhal,e8b8cb0c-530d-4c7c-90b0-3acb8ee67f0a,bc2eaef9-36f0-4b80-aed2-621166f11900
Uttar Pradesh,7,9,8.999621,f,35960757,35960757,0.665813,1,t,Amethi; Bara Banki; Basti; Faizabad; Gonda; Jaunpur; Pratapgarh; Rae Bareli; Sant Kabir Nagar; Siddharthnagar,aa82ab8f-1438-4712-b39b-72aa5fb29127,bc2eaef9-36f0-4b80-aed2-621166f11900
Viet Nam,1,9,8.983281,f,36032366,36032366,0.419607,17,t,An Giang; Bà Rịa–Vũng Tàu; Bình Phước; Bình Thuận; Bạc Liêu; Bến Tre; Cà Mau; Côn Đảo; Cần Thơ; Gia Lai; Ho Chi Minh; Hậu Giang; Kiên Giang; Long An; Phu Quy; Sóc Trăng; Tiền Giang; Trà Vinh; Tây Ninh; Vĩnh Long; Đắk Lắk; Đắk Nông; Đồng Tháp,245f4922-0cfb-490a-a751-b564e7b746ee,8514c67a-183b-4999-b259-6ee8ad168642
Viet Nam,2,8,8.032313,f,32217988,32217988,0.129990,20,t,Bach Long Vi; Bình Dương; Bình Định; Con Co; Hà Tĩnh; Khánh Hòa; Kon Tum; Lâm Đồng; Nam Định; Nghệ An; Ninh Bình; Ninh Thuận; Phú Yên; Quảng Bình; Quảng Nam; Quảng Ngãi; Quảng Trị; Thanh Hóa; Thái Bình; Thừa Thiên Huế; Đà Nẵng; Đồng Nai,3304ea74-9275-42c1-99ad-06634e840011,8514c67a-183b-4999-b259-6ee8ad168642
Viet Nam,3,8,7.984406,f,32025831,32025831,0.727458,18,t,Bắc Giang; Bắc Kạn; Bắc Ninh; Cao Bằng; Hà Giang; Hà Nam; Hà Nội; Hòa Bình; Hưng Yên; Hải Dương; Hải Phòng; Lai Châu; Lào Cai; Lạng Sơn; Phú Thọ; Quảng Ninh; Sơn La; Thái Nguyên; Tuyên Quang; Vĩnh Phúc; Yên Bái; Điện Biên,73ef7942-345f-49d2-938a-99aa76e17fc3,8514c67a-183b-4999-b259-6ee8ad168642
West Bengal,1,9,9.009587,f,37000148,37000148,0.680648,1,t,Haora; Kolkata; Nadia; North Twenty Four Parganas; Purba Medinipur; South Twenty Four Parganas,f1c89fee-8cc7-4acf-a6a6-e54c36cbc8a2,28ca5f4f-a07d-4c5b-8b47-feff8603fa11
West Bengal,2,8,7.885308,f,32383013,32383013,0.752214,1,t,Bankura; Barddhaman; Hugli; Jhargram; Paschim Barddhaman; Paschim Medinipur; Puruliya,216eb7f8-6dda-40a3-9fb7-962f19f4b476,28ca5f4f-a07d-4c5b-8b47-feff8603fa11
West Bengal,3,8,8.105104,f,33285661,33285661,0.466522,1,t,Alipurduar; Birbhum; Dakshin Dinajpur; Darjiling; Jalpaiguri; Kalimpong; Koch Bihar; Maldah; Murshidabad; Uttar Dinajpur,c2e52622-63a7-46ad-b788-ca646e709843,28ca5f4f-a07d-4c5b-8b47-feff8603fa11
West Java,1,7,7.034771,f,27033432,27033432,0.849298,2,t,Bandung; Bandung Barat; Ciamis; Cirebon; Garut; Indramayu; Kota Bandung; Kota Banjar; Kota Cimahi; Kota Cirebon; Kota Tasikmalaya; Kuningan; Majalengka; Pangandaran; Purwakarta; Subang; Sumedang; Tasikmalaya,795d55ce-a7dc-4026-bb7a-322bac847805,206eb491-9d06-4d1b-8fc9-0c7ec49e50aa
West Java,2,6,5.965229,f,22923360,22923360,0.734276,1,t,Bekasi; Bogor; Cianjur; Karawang; Kota Bekasi; Kota Bogor; Kota Depok; Kota Sukabumi; Sukabumi; Waduk Cirata,248055f9-de0a-47b3-b9e3-98520663971d,206eb491-9d06-4d1b-8fc9-0c7ec49e50aa
Yemen,1,5,4.966698,t,19260273,19260273,0.592005,21,t,Ad Dali' Governorate; Al Hudaydah Governorate; Dhamar Governorate; Ibb Governorate; Lahij Governorate; Ta'izz Governorate; ‘Adan Governorate,c64bd76c-044d-4430-92e6-ccf61c69244a,f36d6c33-cbf1-4a70-9b6c-f8141cc0452e
Yemen,2,5,5.033302,f,19518552,19518552,0.567122,16,t,'Amran Governorate; Abyan Governorate; Al Bayda' Governorate; Al Jawf Governorate; Al Mahrah Governorate; Al Mahwit Governorate; Hadhramaut; Hajjah Governorate; Ma'rib Governorate; Raymah Governorate; Sa'dah Governorate; Sanʿaʾ; Sanʿaʾ Governorate; Shabwah Governorate; Socotra,393cae63-aa6b-4396-947f-7aa4b60463b3,f36d6c33-cbf1-4a70-9b6c-f8141cc0452e
Yunnan Province,1,6,6.019982,f,24356801,24356801,0.768632,1,t,Anningxian; Baoshanshi; Binchuanxian; Changningxian; Changyuanwazuzizhixian; Chenggongxian; Chengjiangxian; Chuxiongshi; Dalishi; Dayaoxian; Deqinxian; Ershanyizuzizhixian; Eryuanxian; Fengqingxian; Fugongxian; Gengmadaizhuwazuzizhixian; Gongshandulongzunuzuzizhixian; Heqingxian; Honghexian; Huaningxian; Huapingxian; Jianchuanxian; Jiangchenghanizhuyizuzizhixian; Jiangchuanxian; Jianshuixian; Jingdongyizuzizhixian; Jinggudaizhuyizuzizhixian; Jinghongshi; Jinningxian; Jinpingmiaozhuyaozhudaizuzizhixian; Lanchanglaguzuzizhixian; Lanpingbazupumizuzizhixian; Lianghexian; Lijiangnaxizuzizhixian; Linchangxian; Longchuanxian; Longlingxian; Luchunxian; Lufengxian; Lushuixian; Luxixian; Menghaixian; Menglaxian; Mengliandaizhulaguzhuvazuzizhixian; Miduxian; Mojianghanizuzizhixian; Moudingxian; Nanhuaxian; Nanjianyizuzizhixian; Naxishulishuzuzizhixian; Ninglangyizuzizhixian; Puerhanizhuyizuzizhixian; Ruilishi; Shangjianglahuzhuvazhublangzuzizhixian; Shidianxian; Shipingxian; Shuangboxian; Simaoxian; Tengchongxian; Tonghaixian; Wandingshi; Weishanyizuhuizuzizhixian; Wudingxian; Xangyunxian; Ximengwazuzizhixian; Xinpingyizhudaizuzizhixian; Yangbiyizuzizhixian; Yaoanxian; Yimenxian; Yingjiangxian; Yongdexian; Yongpingxian; Yongrenxian; Yongshengxian; Yuanjianghanizhudaizuzizhixian; Yuanmouxian; Yuanyangxian; Yunlongxian; Yunxian; Yuxishi; Zhenkangxian; Zhenyuanyizhuhanizhulahuzuzizhixain; Zhongdianxian,f07b6362-9736-415a-8d6b-d5337a8af971,32f3f6ed-fbff-42c3-a26d-3883969c51f8
Yunnan Province,2,6,5.980018,f,24195107,24195107,0.619033,1,t,Daguanxian; Dongchuanshi; Fuminxian; Funingxian; Fuyuanxian; Gejiushi; Guangnanxian; Hekouyaozuzizhixian; Huizhexian; Jianshanxian; Kaiyuanshi; Kunmingshi; Ludingshi; Luliangxian; Lunanyizuzizhixian; Luopingxian; Luquanyizumiaozuzizhixian; Luxixian; Maguanxian; Malipoxian; Malongxian; Mengzixian; Milexian; Pingbianmiaozuzizhixian; Pingshanxian; Qiaojiaxian; Qiubeixian; Qujingshi; Shizongxian; Shuifuxian; Songmingxian; Suijiangxian; Weixinxian; Wenshanxian; Xichouxian; Xilinxian; Xuanweishi; Xundianhuizuyizuzizhixian; Yanjinxian; Yiliangxian; Yiliangxian; Yongshanxian; Zhaotongshi; Zhenxiongxian,b02c51f9-0680-45df-b60d-2f521f739763,32f3f6ed-fbff-42c3-a26d-3883969c51f8
Zhejiang Province,1,8,7.926539,f,31920530,31920530,0.621354,1,t,Anjixian; Changnanxian; Changshanxian; Changxingxian; Cunanxian; Deqingxian; Fuyangshi; Hainingshi; Haiyanxian; Huzhoushi; Jiandeshi; Jiashanxian; Jiaxingshi; Jingningshezuzizhixian; Jinhuashi; Jinyunxian; Kaihuaxian; Lanxishi; Linanxian; Lishuishi; Longquanshi; Longyouxian; Ouhaixian; Pinghushi; Pingyangxian; Pujiangxian; Qingpuxian; Qingtianxian; Qingyuanxian; Quxian; Quxian; Ruianshi; Songyangxian; Taishunxian; Tongxiangshi; Wenchengxian; Wenzhoushi; Wuyixian; Yiwushi; Yongkangshi; Yuhangxian; Yunhexian; Ｚuichangxian,dc9d971f-42fa-4612-9bd4-9c686a7cc320,7ccdfaab-cd1b-4cce-89fe-63d5e0df0c67
Zhejiang Province,2,8,8.073461,f,32512189,32512189,0.652479,3,t,Cixishi; Daishanxian; Dongyangshi; Fenghuashi; Hangzhoushi; Leqingxian; Linhaishi; Ningboshi; Ninghaixian; Pananxian; Sanmenxian; Shangyushi; Shaoxingshi; Shaoxingxian; Shengxian; Taizhoushi; Tiantaixian; Tongluxian; Wenlingshi; Xiangshanxian; Xianjuxian; Xiaoshanshi; Xinchangxian; Yingxian; Yongjiaxian; Yuhuanxian; Yuyaoshi; Zhoushanshi; Zhujishi,b64122ac-3067-48ed-b6df-6e1c4cdd8587,7ccdfaab-cd1b-4cce-89fe-63d5e0df0c67
