id,legislature_id,jurisdiction_id,district_number,seats,target_population,actual_population,created_at,updated_at,deleted_at,status,fractional_seats,floor_override,map_id,num_geom_parts,is_contiguous,convex_hull_ratio
02efe86c-22e0-4d3d-ab27-add12bd55912,a658b153-eaeb-473b-b105-fedf4abae431,c5c5061d-a654-4e0c-aed6-10fd0a35dad5,1,7,9459877,9459877,2026-08-27 19:10:22,2026-08-27 19:10:22,,active,7.365702,f,03680363-c29e-49eb-b0d9-82b2ac52bcf6,1,t,0.811933
0a5510b1-9c28-48b8-a453-1b5ef9ec6d57,a658b153-eaeb-473b-b105-fedf4abae431,ffd9aa34-6a7b-4148-a350-46c35650706a,1,9,11088528,11088528,2026-08-27 19:10:42,2026-08-27 19:10:43,,active,8.713236,f,03680363-c29e-49eb-b0d9-82b2ac52bcf6,1,t,0.734134
29a537a2-fb08-48d1-9214-481ff3e43469,a658b153-eaeb-473b-b105-fedf4abae431,7efe61eb-3e40-481c-86bb-a404ca4ce670,1,5,5922170,5922170,2026-08-27 19:08:41,2026-08-27 19:08:42,,active,5.015568,f,03680363-c29e-49eb-b0d9-82b2ac52bcf6,1,t,0.803295
376906bc-28a6-43f0-ae15-0ae8c5b65a5b,a658b153-eaeb-473b-b105-fedf4abae431,91b678c8-8dd1-427a-93d7-b0301ac77e5f,1,9,11815010,11815010,2026-08-27 19:08:44,2026-08-27 19:08:44,,active,9.190500,f,03680363-c29e-49eb-b0d9-82b2ac52bcf6,1,t,0.791496
3ac8ba8b-215b-4103-887d-c1727df80752,a658b153-eaeb-473b-b105-fedf4abae431,969cad98-c4e1-4119-bdcc-75f7825f9f09,1,6,7224286,7224286,2026-08-27 19:08:45,2026-08-27 19:08:45,,active,5.667229,f,03680363-c29e-49eb-b0d9-82b2ac52bcf6,1,t,0.746588
49daa0b6-69e1-47b9-a691-51b0bf2b81cf,a658b153-eaeb-473b-b105-fedf4abae431,ba5acc44-e185-43e0-a5b1-857777c9d194,1,9,11335526,11335526,2026-08-27 19:09:36,2026-08-27 19:09:36,,active,8.918430,f,03680363-c29e-49eb-b0d9-82b2ac52bcf6,1,t,0.824919
4b641e77-1df5-45ea-aebc-405eb0acc049,a658b153-eaeb-473b-b105-fedf4abae431,3e6d7a4d-0fd1-4169-8c47-bf4965a336e2,1,8,10265688,10265688,2026-08-27 19:08:27,2026-08-27 19:08:28,,active,8.048173,f,03680363-c29e-49eb-b0d9-82b2ac52bcf6,1,t,0.656101
6d1218bb-07ff-4f33-9b0a-888bb130e965,a658b153-eaeb-473b-b105-fedf4abae431,24576efc-f6c8-4304-891b-4c19eac6695e,1,9,10509648,10509648,2026-08-27 19:07:31,2026-08-27 19:07:35,,active,8.784454,f,03680363-c29e-49eb-b0d9-82b2ac52bcf6,37,t,0.170567
7fcdc6e3-cc56-4bb8-a30d-3633fa85c3c5,a658b153-eaeb-473b-b105-fedf4abae431,2f55d66a-a4cf-42f9-ab86-68b88d8d2dae,1,8,10106493,10106493,2026-08-27 19:08:15,2026-08-28 00:40:50,,active,7.803565,f,03680363-c29e-49eb-b0d9-82b2ac52bcf6,1,t,0.642370
9527efb1-60ca-46f8-acc9-7c6056663aa2,a658b153-eaeb-473b-b105-fedf4abae431,688e4841-8254-4d76-9b20-72550aad9208,1,8,10538890,10538890,2026-08-27 19:08:35,2026-08-27 19:08:36,,active,8.285967,f,03680363-c29e-49eb-b0d9-82b2ac52bcf6,1,t,0.738851
99d1ae33-58c1-48fc-a8e9-f8db2123e459,a658b153-eaeb-473b-b105-fedf4abae431,9b8e8125-1bbb-47ad-b852-499f8dd30d80,1,8,10252951,10252951,2026-08-27 19:08:52,2026-08-27 19:08:52,,active,7.897191,f,03680363-c29e-49eb-b0d9-82b2ac52bcf6,1,t,0.679874
9af8f16d-ffd7-4a12-b8a7-6c1e9bcb1f79,a658b153-eaeb-473b-b105-fedf4abae431,a0614e7a-dc45-41d3-b9f3-59b746890a9a,1,7,9522961,9522961,2026-08-27 19:08:59,2026-08-27 19:08:59,,active,7.409576,f,03680363-c29e-49eb-b0d9-82b2ac52bcf6,1,t,0.712144
9be864b0-a2e4-4bf9-88d1-8a9654ccf4de,a658b153-eaeb-473b-b105-fedf4abae431,a590ccbb-79cc-42ea-87cd-84428d95f854,1,8,10259547,10259547,2026-08-27 19:09:25,2026-08-27 19:09:26,,active,8.063284,f,03680363-c29e-49eb-b0d9-82b2ac52bcf6,1,t,0.571410
9e541917-f240-40dd-a9b0-9b60bf5fb3f6,a658b153-eaeb-473b-b105-fedf4abae431,1bf3192e-e316-493b-ab1b-f3dc6e9250aa,1,8,9719221,9719221,2026-08-27 19:08:04,2026-08-27 19:08:05,,active,7.655469,f,03680363-c29e-49eb-b0d9-82b2ac52bcf6,1,t,0.659386
aa4b152a-46b3-433a-8eac-bb12044d11e3,a658b153-eaeb-473b-b105-fedf4abae431,0ade322e-d4f6-4d5e-8062-e7d8af3b5804,1,6,7328729,7328729,2026-08-27 19:10:44,2026-08-27 19:10:44,,active,5.944247,f,03680363-c29e-49eb-b0d9-82b2ac52bcf6,2,t,0.675214
abaf138c-c135-4e46-8880-0d49fc3bf570,a658b153-eaeb-473b-b105-fedf4abae431,28ca5f4f-a07d-4c5b-8b47-feff8603fa11,1,8,10470010,10470010,2026-08-27 19:08:10,2026-08-27 19:08:10,,active,8.158278,f,03680363-c29e-49eb-b0d9-82b2ac52bcf6,1,t,0.670391
c0e56787-db8d-4584-ba72-c8c44c5e0382,a658b153-eaeb-473b-b105-fedf4abae431,bc2eaef9-36f0-4b80-aed2-621166f11900,1,8,10784905,10784905,2026-08-27 19:10:09,2026-08-27 19:10:10,,active,8.451139,f,03680363-c29e-49eb-b0d9-82b2ac52bcf6,1,t,0.659490
c6323134-c7f0-4a42-8000-3ff0c26748af,a658b153-eaeb-473b-b105-fedf4abae431,fc3aa94a-6300-420f-9d3c-babc4b9efea3,1,7,8884165,8884165,2026-08-27 19:10:37,2026-08-27 19:10:38,,active,6.809126,f,03680363-c29e-49eb-b0d9-82b2ac52bcf6,2,t,0.864451
cfd344d2-d87b-41bd-a67d-12b97c085b28,a658b153-eaeb-473b-b105-fedf4abae431,084f54dd-1287-495d-be94-7a861f1c7d46,1,8,10095169,10095169,2026-08-27 19:08:00,2026-08-27 19:08:01,,active,7.822484,f,03680363-c29e-49eb-b0d9-82b2ac52bcf6,1,t,0.705418
d68e14d4-17e6-4867-9334-95f215f08ac0,a658b153-eaeb-473b-b105-fedf4abae431,d9d25ed5-9f43-43cc-b034-73945fd31051,1,9,11490214,11490214,2026-08-27 19:10:28,2026-08-27 19:10:28,,active,8.942018,f,03680363-c29e-49eb-b0d9-82b2ac52bcf6,3,t,0.864307
f5e0ea03-1f9c-4e15-bf44-00125ffb2302,a658b153-eaeb-473b-b105-fedf4abae431,a267d3e8-3d19-461c-ab45-204a28a37b49,1,7,8494264,8494264,2026-08-27 19:09:04,2026-08-27 19:09:04,,active,6.979899,f,03680363-c29e-49eb-b0d9-82b2ac52bcf6,9,t,0.669889
f6700f97-043a-4f06-ab27-5fa41df9cb82,a658b153-eaeb-473b-b105-fedf4abae431,bf31e7f8-eef5-464f-a3bc-c2a49fb8b13c,1,7,8740008,8740008,2026-08-27 19:10:20,2026-08-27 19:10:20,,active,6.950834,f,03680363-c29e-49eb-b0d9-82b2ac52bcf6,1,t,0.766011
fb05190b-5f8e-4b5b-a388-ee8432a2db2e,a658b153-eaeb-473b-b105-fedf4abae431,7d204158-2f79-4cd5-bb42-580ef8d2ae23,1,8,7526187,7526187,2026-08-27 19:08:40,2026-08-27 19:08:41,,active,8.037012,f,03680363-c29e-49eb-b0d9-82b2ac52bcf6,1,t,0.784447
00b9bdaf-d853-481d-a10b-9bbc1222c008,a658b153-eaeb-473b-b105-fedf4abae431,ba5acc44-e185-43e0-a5b1-857777c9d194,2,8,10192752,10192752,2026-08-27 19:09:36,2026-08-27 19:09:36,,active,8.019332,f,03680363-c29e-49eb-b0d9-82b2ac52bcf6,1,t,0.765007
05dc0afa-9a49-4a59-99c7-564f63cc6bd2,a658b153-eaeb-473b-b105-fedf4abae431,7efe61eb-3e40-481c-86bb-a404ca4ce670,2,5,5885405,5885405,2026-08-27 19:08:42,2026-08-27 19:08:43,,active,4.984432,f,03680363-c29e-49eb-b0d9-82b2ac52bcf6,1,t,0.809680
2037f018-bd38-4b09-8445-84c1dda1e91d,a658b153-eaeb-473b-b105-fedf4abae431,91b678c8-8dd1-427a-93d7-b0301ac77e5f,2,8,10039640,10039640,2026-08-27 19:08:44,2026-08-27 19:08:44,,active,7.809500,f,03680363-c29e-49eb-b0d9-82b2ac52bcf6,1,t,0.768530
42c53275-a888-4c83-adfd-ccad6ef85825,a658b153-eaeb-473b-b105-fedf4abae431,24576efc-f6c8-4304-891b-4c19eac6695e,2,9,11056396,11056396,2026-08-27 19:07:35,2026-08-27 19:07:54,,active,9.241451,f,03680363-c29e-49eb-b0d9-82b2ac52bcf6,223,f,0.033475
4326704e-9058-494d-b6bd-96891f9a3320,a658b153-eaeb-473b-b105-fedf4abae431,2f55d66a-a4cf-42f9-ab86-68b88d8d2dae,2,8,10525712,10525712,2026-08-27 19:08:15,2026-08-28 00:40:44,,active,8.127258,f,03680363-c29e-49eb-b0d9-82b2ac52bcf6,1,t,0.552239
45a19449-8b9f-482c-81de-43411a49456d,a658b153-eaeb-473b-b105-fedf4abae431,3e6d7a4d-0fd1-4169-8c47-bf4965a336e2,2,8,10664703,10664703,2026-08-27 19:08:28,2026-08-27 19:08:28,,active,8.360995,f,03680363-c29e-49eb-b0d9-82b2ac52bcf6,1,t,0.805967
4d5c460b-0c26-480d-8095-c51644f6a049,a658b153-eaeb-473b-b105-fedf4abae431,c5c5061d-a654-4e0c-aed6-10fd0a35dad5,2,8,10099049,10099049,2026-08-27 19:10:22,2026-08-27 19:10:22,,active,7.863378,f,03680363-c29e-49eb-b0d9-82b2ac52bcf6,2,t,0.733282
607352f1-c4ae-47b7-af82-d7b643393494,a658b153-eaeb-473b-b105-fedf4abae431,28ca5f4f-a07d-4c5b-8b47-feff8603fa11,2,5,6354004,6354004,2026-08-27 19:08:10,2026-08-27 19:08:11,,active,4.951068,f,03680363-c29e-49eb-b0d9-82b2ac52bcf6,1,t,0.752932
6ae7ab43-dd15-4dc0-8e00-476a6d8bee17,a658b153-eaeb-473b-b105-fedf4abae431,0ade322e-d4f6-4d5e-8062-e7d8af3b5804,2,6,7466205,7466205,2026-08-27 19:10:44,2026-08-27 19:10:44,,active,6.055753,f,03680363-c29e-49eb-b0d9-82b2ac52bcf6,1,t,0.803738
6df8708a-574d-4921-89a2-245d389dcce9,a658b153-eaeb-473b-b105-fedf4abae431,bf31e7f8-eef5-464f-a3bc-c2a49fb8b13c,2,8,10084015,10084015,2026-08-27 19:10:20,2026-08-27 19:10:20,,active,8.019708,f,03680363-c29e-49eb-b0d9-82b2ac52bcf6,1,t,0.691604
810d594b-a4ff-45a3-950d-7feae2ac4724,a658b153-eaeb-473b-b105-fedf4abae431,ffd9aa34-6a7b-4148-a350-46c35650706a,2,8,10416127,10416127,2026-08-27 19:10:43,2026-08-27 19:10:43,,active,8.184871,f,03680363-c29e-49eb-b0d9-82b2ac52bcf6,1,t,0.738938
867f38be-31c6-4bd5-aa52-c2649a250013,a658b153-eaeb-473b-b105-fedf4abae431,9b8e8125-1bbb-47ad-b852-499f8dd30d80,2,8,9920978,9920978,2026-08-27 19:08:52,2026-08-27 19:08:53,,active,7.641494,f,03680363-c29e-49eb-b0d9-82b2ac52bcf6,2,t,0.825550
8be30887-5ed6-4710-a591-1dc640651476,a658b153-eaeb-473b-b105-fedf4abae431,969cad98-c4e1-4119-bdcc-75f7825f9f09,2,8,10392604,10392604,2026-08-27 19:08:45,2026-08-27 19:08:46,,active,8.152677,f,03680363-c29e-49eb-b0d9-82b2ac52bcf6,1,t,0.824544
9657d69d-7ef1-47b2-b4a1-78bd968b1acf,a658b153-eaeb-473b-b105-fedf4abae431,fc3aa94a-6300-420f-9d3c-babc4b9efea3,2,8,10001885,10001885,2026-08-27 19:10:38,2026-08-27 19:10:38,,active,7.665785,f,03680363-c29e-49eb-b0d9-82b2ac52bcf6,8,t,0.720467
9ca0f896-e8ee-480d-b660-632f059a1c86,a658b153-eaeb-473b-b105-fedf4abae431,a590ccbb-79cc-42ea-87cd-84428d95f854,2,8,9892807,9892807,2026-08-27 19:09:26,2026-08-27 19:09:26,,active,7.775052,f,03680363-c29e-49eb-b0d9-82b2ac52bcf6,1,t,0.728407
9f1cbd00-f59a-4197-b04a-9099f292bb86,a658b153-eaeb-473b-b105-fedf4abae431,a267d3e8-3d19-461c-ab45-204a28a37b49,2,7,8542712,8542712,2026-08-27 19:09:04,2026-08-27 19:09:04,,active,7.019710,f,03680363-c29e-49eb-b0d9-82b2ac52bcf6,1,t,0.735183
a67549b1-e31f-43c7-84f1-e1cc5271df87,a658b153-eaeb-473b-b105-fedf4abae431,084f54dd-1287-495d-be94-7a861f1c7d46,2,8,10674259,10674259,2026-08-27 19:08:01,2026-08-27 19:08:01,,active,8.271206,f,03680363-c29e-49eb-b0d9-82b2ac52bcf6,1,t,0.790818
a80b9e26-75c8-4b0a-b3a7-a117bb9f3b84,a658b153-eaeb-473b-b105-fedf4abae431,1bf3192e-e316-493b-ab1b-f3dc6e9250aa,2,8,9868718,9868718,2026-08-27 19:08:05,2026-08-27 19:08:05,,active,7.773222,f,03680363-c29e-49eb-b0d9-82b2ac52bcf6,1,t,0.592223
ca4db47e-ee0d-4cb0-8779-2344ef0f7384,a658b153-eaeb-473b-b105-fedf4abae431,bc2eaef9-36f0-4b80-aed2-621166f11900,2,7,9259724,9259724,2026-08-27 19:10:11,2026-08-27 19:10:11,,active,7.255995,f,03680363-c29e-49eb-b0d9-82b2ac52bcf6,1,t,0.713750
cb3ada32-d1b1-4592-bb96-b021bef2d30d,a658b153-eaeb-473b-b105-fedf4abae431,d9d25ed5-9f43-43cc-b034-73945fd31051,2,6,7564473,7564473,2026-08-27 19:10:28,2026-08-27 19:10:29,,active,5.886892,f,03680363-c29e-49eb-b0d9-82b2ac52bcf6,1,t,0.674961
cfe95567-b5d0-472d-b7cc-f46535067038,a658b153-eaeb-473b-b105-fedf4abae431,7d204158-2f79-4cd5-bb42-580ef8d2ae23,2,7,6520427,6520427,2026-08-27 19:08:41,2026-08-27 19:08:41,,active,6.962988,f,03680363-c29e-49eb-b0d9-82b2ac52bcf6,1,t,0.827885
de0946c8-06e9-45dd-8899-5e19b80ccf31,a658b153-eaeb-473b-b105-fedf4abae431,688e4841-8254-4d76-9b20-72550aad9208,2,7,9336930,9336930,2026-08-27 19:08:36,2026-08-27 19:08:36,,active,7.340953,f,03680363-c29e-49eb-b0d9-82b2ac52bcf6,2,t,0.693905
f725fa3e-ab4b-4556-a95b-4c0af9ba8b89,a658b153-eaeb-473b-b105-fedf4abae431,a0614e7a-dc45-41d3-b9f3-59b746890a9a,2,7,9305221,9305221,2026-08-27 19:08:59,2026-08-27 19:09:00,,active,7.240158,f,03680363-c29e-49eb-b0d9-82b2ac52bcf6,1,t,0.743138
15f18a47-3940-4b6b-b1b0-a1bc29054faa,a658b153-eaeb-473b-b105-fedf4abae431,688e4841-8254-4d76-9b20-72550aad9208,3,8,9827313,9827313,2026-08-27 19:08:36,2026-08-27 19:08:36,,active,7.726506,f,03680363-c29e-49eb-b0d9-82b2ac52bcf6,1,t,0.804971
2caabd22-7e2a-4419-addc-fdacb51d6453,a658b153-eaeb-473b-b105-fedf4abae431,bc2eaef9-36f0-4b80-aed2-621166f11900,3,7,8594300,8594300,2026-08-27 19:10:11,2026-08-27 19:10:11,,active,6.734563,f,03680363-c29e-49eb-b0d9-82b2ac52bcf6,1,t,0.800833
3b76443a-09e9-4378-818b-9a84e09ecea8,a658b153-eaeb-473b-b105-fedf4abae431,2f55d66a-a4cf-42f9-ab86-68b88d8d2dae,3,8,10450490,10450490,2026-08-27 19:08:16,2026-08-27 19:08:16,,active,8.069177,f,03680363-c29e-49eb-b0d9-82b2ac52bcf6,1,t,0.624930
54c7281e-d418-4c11-be52-e5ec607c88c5,a658b153-eaeb-473b-b105-fedf4abae431,a267d3e8-3d19-461c-ab45-204a28a37b49,3,8,9770367,9770367,2026-08-27 19:09:04,2026-08-27 19:09:04,,active,8.028497,f,03680363-c29e-49eb-b0d9-82b2ac52bcf6,1,t,0.694102
55832b98-ab8f-45f0-a159-58f751382591,a658b153-eaeb-473b-b105-fedf4abae431,a0614e7a-dc45-41d3-b9f3-59b746890a9a,3,7,8638606,8638606,2026-08-27 19:09:00,2026-08-27 19:09:00,,active,6.721481,f,03680363-c29e-49eb-b0d9-82b2ac52bcf6,1,t,0.701272
56bee8d6-9d40-47f9-a96b-c023b75aa301,a658b153-eaeb-473b-b105-fedf4abae431,d9d25ed5-9f43-43cc-b034-73945fd31051,3,6,7348397,7348397,2026-08-27 19:10:29,2026-08-27 19:10:29,,active,5.718736,f,03680363-c29e-49eb-b0d9-82b2ac52bcf6,1,t,0.817394
5a8aff00-06d8-4a5a-b4e3-57a20c5b5db7,a658b153-eaeb-473b-b105-fedf4abae431,ba5acc44-e185-43e0-a5b1-857777c9d194,3,8,10029064,10029064,2026-08-27 19:09:36,2026-08-27 19:09:36,,active,7.890548,f,03680363-c29e-49eb-b0d9-82b2ac52bcf6,1,t,0.746626
606f5f85-3046-4ff6-9a38-12bea0723970,a658b153-eaeb-473b-b105-fedf4abae431,3e6d7a4d-0fd1-4169-8c47-bf4965a336e2,3,6,7478526,7478526,2026-08-27 19:08:28,2026-08-27 19:08:28,,active,5.863072,f,03680363-c29e-49eb-b0d9-82b2ac52bcf6,1,t,0.608902
61df7d77-1556-4e4d-9ef4-35b95ee25c2d,a658b153-eaeb-473b-b105-fedf4abae431,969cad98-c4e1-4119-bdcc-75f7825f9f09,3,8,10552998,10552998,2026-08-27 19:08:46,2026-08-27 19:08:46,,active,8.278501,f,03680363-c29e-49eb-b0d9-82b2ac52bcf6,1,t,0.860341
676193d7-03bf-449c-85e9-e9ded2040f06,a658b153-eaeb-473b-b105-fedf4abae431,bf31e7f8-eef5-464f-a3bc-c2a49fb8b13c,3,7,8925986,8925986,2026-08-27 19:10:20,2026-08-27 19:10:21,,active,7.098740,f,03680363-c29e-49eb-b0d9-82b2ac52bcf6,4,t,0.771389
7b861c4c-2117-42d2-a0c4-f39f4046ffda,a658b153-eaeb-473b-b105-fedf4abae431,9b8e8125-1bbb-47ad-b852-499f8dd30d80,3,8,10740526,10740526,2026-08-27 19:08:53,2026-08-27 19:08:53,,active,8.272739,f,03680363-c29e-49eb-b0d9-82b2ac52bcf6,4,t,0.640861
9971b8b9-5c28-447a-9eb9-7c0f05b7fdc1,a658b153-eaeb-473b-b105-fedf4abae431,c5c5061d-a654-4e0c-aed6-10fd0a35dad5,3,7,8832553,8832553,2026-08-27 19:10:22,2026-08-27 19:10:22,,active,6.877251,f,03680363-c29e-49eb-b0d9-82b2ac52bcf6,1,t,0.720573
9a2dbde3-6ae2-4d3d-b9f8-a025d0ddb3d3,a658b153-eaeb-473b-b105-fedf4abae431,ffd9aa34-6a7b-4148-a350-46c35650706a,3,8,10310528,10310528,2026-08-27 19:10:43,2026-08-27 19:10:43,,active,8.101893,f,03680363-c29e-49eb-b0d9-82b2ac52bcf6,1,t,0.717039
b542520c-3846-4cac-b250-144c6dfcca54,a658b153-eaeb-473b-b105-fedf4abae431,084f54dd-1287-495d-be94-7a861f1c7d46,3,8,10203349,10203349,2026-08-27 19:08:01,2026-08-27 19:08:02,,active,7.906310,f,03680363-c29e-49eb-b0d9-82b2ac52bcf6,1,t,0.775107
bd3fd58d-b227-4933-b7a8-122f5f7f85fd,a658b153-eaeb-473b-b105-fedf4abae431,1bf3192e-e316-493b-ab1b-f3dc6e9250aa,3,8,10293595,10293595,2026-08-27 19:08:05,2026-08-27 19:08:06,,active,8.107882,f,03680363-c29e-49eb-b0d9-82b2ac52bcf6,1,t,0.807149
beaab842-0995-407a-b4f3-33113d62493c,a658b153-eaeb-473b-b105-fedf4abae431,a590ccbb-79cc-42ea-87cd-84428d95f854,3,8,10117269,10117269,2026-08-27 19:09:26,2026-08-27 19:09:27,,active,7.951464,f,03680363-c29e-49eb-b0d9-82b2ac52bcf6,1,t,0.860551
e2167048-255e-47d9-9c6b-24078366232f,a658b153-eaeb-473b-b105-fedf4abae431,24576efc-f6c8-4304-891b-4c19eac6695e,3,9,10736533,10736533,2026-08-27 19:07:54,2026-08-27 19:07:58,,active,8.974095,f,03680363-c29e-49eb-b0d9-82b2ac52bcf6,5,f,0.240738
eaa0dd1c-d6cc-4e46-bc59-535948b7f533,a658b153-eaeb-473b-b105-fedf4abae431,fc3aa94a-6300-420f-9d3c-babc4b9efea3,3,8,10652455,10652455,2026-08-27 19:10:38,2026-08-27 19:10:38,,active,8.164404,f,03680363-c29e-49eb-b0d9-82b2ac52bcf6,1,t,0.705576
ebad1594-f9d6-4cd2-b49b-840a5ea837e3,a658b153-eaeb-473b-b105-fedf4abae431,28ca5f4f-a07d-4c5b-8b47-feff8603fa11,3,9,11972346,11972346,2026-08-27 19:08:11,2026-08-27 19:08:11,,active,9.328905,f,03680363-c29e-49eb-b0d9-82b2ac52bcf6,1,t,0.826018
171bc48c-baa5-4b0a-a33a-26cfbaea7195,a658b153-eaeb-473b-b105-fedf4abae431,d9d25ed5-9f43-43cc-b034-73945fd31051,4,8,10505367,10505367,2026-08-27 19:10:29,2026-08-27 19:10:29,,active,8.175581,f,03680363-c29e-49eb-b0d9-82b2ac52bcf6,1,t,0.554676
20ac42ca-b925-4a8c-ac59-4df7c5c003b4,a658b153-eaeb-473b-b105-fedf4abae431,a0614e7a-dc45-41d3-b9f3-59b746890a9a,4,7,8806254,8806254,2026-08-27 19:09:00,2026-08-27 19:09:00,,active,6.851924,f,03680363-c29e-49eb-b0d9-82b2ac52bcf6,2,t,0.537196
28f9fe20-30a4-4a5b-8069-990d34b3429a,a658b153-eaeb-473b-b105-fedf4abae431,969cad98-c4e1-4119-bdcc-75f7825f9f09,4,7,8797787,8797787,2026-08-27 19:08:46,2026-08-27 19:08:46,,active,6.901592,f,03680363-c29e-49eb-b0d9-82b2ac52bcf6,1,t,0.604052
32e5d398-197f-4177-ad25-2ca0832cd119,a658b153-eaeb-473b-b105-fedf4abae431,fc3aa94a-6300-420f-9d3c-babc4b9efea3,4,8,11048470,11048470,2026-08-27 19:10:38,2026-08-27 19:10:38,,active,8.467923,f,03680363-c29e-49eb-b0d9-82b2ac52bcf6,13,t,0.661124
341473c3-964c-4477-b005-6138112a4539,a658b153-eaeb-473b-b105-fedf4abae431,a590ccbb-79cc-42ea-87cd-84428d95f854,4,7,8353860,8353860,2026-08-27 19:09:27,2026-08-27 19:09:27,,active,6.565548,f,03680363-c29e-49eb-b0d9-82b2ac52bcf6,1,t,0.881372
351c84a8-a473-4d68-9878-dfa66acc7a7d,a658b153-eaeb-473b-b105-fedf4abae431,9b8e8125-1bbb-47ad-b852-499f8dd30d80,4,9,11855879,11855879,2026-08-27 19:08:53,2026-08-27 19:08:53,,active,9.131824,f,03680363-c29e-49eb-b0d9-82b2ac52bcf6,3,t,0.654536
603369f2-f765-46fa-a9d1-63b4614954e2,a658b153-eaeb-473b-b105-fedf4abae431,a267d3e8-3d19-461c-ab45-204a28a37b49,4,7,8484522,8484522,2026-08-27 19:09:04,2026-08-27 19:09:05,,active,6.971894,f,03680363-c29e-49eb-b0d9-82b2ac52bcf6,2,t,0.736997
75b147d5-8cbd-4861-97d1-af8ffd23887f,a658b153-eaeb-473b-b105-fedf4abae431,28ca5f4f-a07d-4c5b-8b47-feff8603fa11,4,8,10276146,10276146,2026-08-27 19:08:11,2026-08-27 19:08:11,,active,8.007218,f,03680363-c29e-49eb-b0d9-82b2ac52bcf6,1,t,0.537574
821c1bbd-359f-44c0-8d75-28d12a0f2370,a658b153-eaeb-473b-b105-fedf4abae431,bf31e7f8-eef5-464f-a3bc-c2a49fb8b13c,4,8,10102367,10102367,2026-08-27 19:10:21,2026-08-27 19:10:21,,active,8.034304,f,03680363-c29e-49eb-b0d9-82b2ac52bcf6,6,t,0.733905
a303ea65-cc0e-479e-8677-cab648f9b024,a658b153-eaeb-473b-b105-fedf4abae431,3e6d7a4d-0fd1-4169-8c47-bf4965a336e2,4,8,10453569,10453569,2026-08-27 19:08:28,2026-08-27 19:08:28,,active,8.195469,f,03680363-c29e-49eb-b0d9-82b2ac52bcf6,1,t,0.799782
bb44dc34-b5d5-4d1f-9ad3-98ad628f8c03,a658b153-eaeb-473b-b105-fedf4abae431,688e4841-8254-4d76-9b20-72550aad9208,4,8,10307078,10307078,2026-08-27 19:08:36,2026-08-27 19:08:36,,active,8.103710,f,03680363-c29e-49eb-b0d9-82b2ac52bcf6,1,t,0.815498
c2e9cfaa-6dd6-46f2-8119-f8216dc2c5df,a658b153-eaeb-473b-b105-fedf4abae431,1bf3192e-e316-493b-ab1b-f3dc6e9250aa,4,8,10744987,10744987,2026-08-27 19:08:06,2026-08-27 19:08:06,,active,8.463427,f,03680363-c29e-49eb-b0d9-82b2ac52bcf6,1,t,0.811297
c600e8b2-c13b-4026-a509-bcbb1664af7f,a658b153-eaeb-473b-b105-fedf4abae431,bc2eaef9-36f0-4b80-aed2-621166f11900,4,6,7696213,7696213,2026-08-27 19:10:11,2026-08-27 19:10:11,,active,6.030815,f,03680363-c29e-49eb-b0d9-82b2ac52bcf6,1,t,0.738464
d510c082-3bcb-4779-8018-dfb6c3581735,a658b153-eaeb-473b-b105-fedf4abae431,ba5acc44-e185-43e0-a5b1-857777c9d194,4,9,11657424,11657424,2026-08-27 19:09:36,2026-08-27 19:09:36,,active,9.171690,f,03680363-c29e-49eb-b0d9-82b2ac52bcf6,1,t,0.699216
ead215c6-9f49-4628-afe0-d7ef76a36e6f,a658b153-eaeb-473b-b105-fedf4abae431,c5c5061d-a654-4e0c-aed6-10fd0a35dad5,4,9,11090274,11090274,2026-08-27 19:10:22,2026-08-27 19:10:23,,active,8.635171,f,03680363-c29e-49eb-b0d9-82b2ac52bcf6,1,t,0.686660
1e40bb68-782a-4f51-819b-c7158af78d66,a658b153-eaeb-473b-b105-fedf4abae431,bf31e7f8-eef5-464f-a3bc-c2a49fb8b13c,5,8,9928983,9928983,2026-08-27 19:10:21,2026-08-27 19:10:21,,active,7.896413,f,03680363-c29e-49eb-b0d9-82b2ac52bcf6,1,t,0.693875
2fa2713a-9fb4-4016-a884-aaf51589915e,a658b153-eaeb-473b-b105-fedf4abae431,c5c5061d-a654-4e0c-aed6-10fd0a35dad5,5,9,11890823,11890823,2026-08-27 19:10:23,2026-08-27 19:10:23,,active,9.258499,f,03680363-c29e-49eb-b0d9-82b2ac52bcf6,1,t,0.787958
30fd8cf0-4f75-4d7b-bdf1-7f42cb8c7fe0,a658b153-eaeb-473b-b105-fedf4abae431,9b8e8125-1bbb-47ad-b852-499f8dd30d80,5,8,9929172,9929172,2026-08-27 19:08:53,2026-08-27 19:08:54,,active,7.647805,f,03680363-c29e-49eb-b0d9-82b2ac52bcf6,19,t,0.665841
77b9aea8-d316-4a9e-81f8-b8f486da72ec,a658b153-eaeb-473b-b105-fedf4abae431,3e6d7a4d-0fd1-4169-8c47-bf4965a336e2,5,8,10510902,10510902,2026-08-27 19:08:28,2026-08-27 19:08:29,,active,8.240417,f,03680363-c29e-49eb-b0d9-82b2ac52bcf6,1,t,0.689479
9f94f0d5-f5a7-4a26-961c-7dc8cebb64f0,a658b153-eaeb-473b-b105-fedf4abae431,688e4841-8254-4d76-9b20-72550aad9208,5,8,9609391,9609391,2026-08-27 19:08:36,2026-08-27 19:08:36,,active,7.555169,f,03680363-c29e-49eb-b0d9-82b2ac52bcf6,5,t,0.698682
aca8fb24-5ba2-4254-9dcc-b4f7d34e1666,a658b153-eaeb-473b-b105-fedf4abae431,28ca5f4f-a07d-4c5b-8b47-feff8603fa11,5,5,6278882,6278882,2026-08-27 19:08:11,2026-08-27 19:08:11,,active,4.892533,f,03680363-c29e-49eb-b0d9-82b2ac52bcf6,1,t,0.661708
cc49e558-5c6a-417a-9c97-9b251d31ad65,a658b153-eaeb-473b-b105-fedf4abae431,d9d25ed5-9f43-43cc-b034-73945fd31051,5,7,9327676,9327676,2026-08-27 19:10:29,2026-08-27 19:10:29,,active,7.259068,f,03680363-c29e-49eb-b0d9-82b2ac52bcf6,1,t,0.773309
cd5e2344-17dc-4411-b398-d05ea618a155,a658b153-eaeb-473b-b105-fedf4abae431,fc3aa94a-6300-420f-9d3c-babc4b9efea3,5,8,10429307,10429307,2026-08-27 19:10:38,2026-08-27 19:10:39,,active,7.993375,f,03680363-c29e-49eb-b0d9-82b2ac52bcf6,1,t,0.695421
e9f61e76-3212-4817-bba1-b2dd9680005c,a658b153-eaeb-473b-b105-fedf4abae431,a0614e7a-dc45-41d3-b9f3-59b746890a9a,5,8,10501810,10501810,2026-08-27 19:09:00,2026-08-27 19:09:00,,active,8.171194,f,03680363-c29e-49eb-b0d9-82b2ac52bcf6,1,t,0.800121
fb0a8fda-7d0e-43cd-9841-ed759e75d5f9,a658b153-eaeb-473b-b105-fedf4abae431,a590ccbb-79cc-42ea-87cd-84428d95f854,5,8,10122491,10122491,2026-08-27 19:09:27,2026-08-27 19:09:28,,active,7.955568,f,03680363-c29e-49eb-b0d9-82b2ac52bcf6,1,t,0.758174
fc2922f9-37d5-4cb2-9cea-9cf7bac454f5,a658b153-eaeb-473b-b105-fedf4abae431,bc2eaef9-36f0-4b80-aed2-621166f11900,5,8,10642061,10642061,2026-08-27 19:10:11,2026-08-27 19:10:11,,active,8.339206,f,03680363-c29e-49eb-b0d9-82b2ac52bcf6,1,t,0.814589
035f801f-4c86-4f90-af40-8e144651736b,a658b153-eaeb-473b-b105-fedf4abae431,a590ccbb-79cc-42ea-87cd-84428d95f854,6,8,10317725,10317725,2026-08-27 19:09:28,2026-08-27 19:09:29,,active,8.109008,f,03680363-c29e-49eb-b0d9-82b2ac52bcf6,1,t,0.729137
74ec1350-b2ea-4d30-bce1-e2b4b9ca329d,a658b153-eaeb-473b-b105-fedf4abae431,3e6d7a4d-0fd1-4169-8c47-bf4965a336e2,6,6,7350513,7350513,2026-08-27 19:08:29,2026-08-27 19:08:29,,active,5.762711,f,03680363-c29e-49eb-b0d9-82b2ac52bcf6,1,t,0.773222
852f1cda-4219-426f-9c26-6e3939ca32dd,a658b153-eaeb-473b-b105-fedf4abae431,d9d25ed5-9f43-43cc-b034-73945fd31051,6,9,11701643,11701643,2026-08-27 19:10:29,2026-08-27 19:10:29,,active,9.106558,f,03680363-c29e-49eb-b0d9-82b2ac52bcf6,14,f,0.624661
a79573d1-d299-456e-8b74-5a20d2ba95e7,a658b153-eaeb-473b-b105-fedf4abae431,fc3aa94a-6300-420f-9d3c-babc4b9efea3,6,8,10793472,10793472,2026-08-27 19:10:39,2026-08-27 19:10:39,,active,8.272484,f,03680363-c29e-49eb-b0d9-82b2ac52bcf6,1,t,0.692126
a7d009ff-38fe-47a2-9d8c-a7b35204e9b2,a658b153-eaeb-473b-b105-fedf4abae431,688e4841-8254-4d76-9b20-72550aad9208,6,8,10538280,10538280,2026-08-27 19:08:36,2026-08-27 19:08:37,,active,8.285487,f,03680363-c29e-49eb-b0d9-82b2ac52bcf6,10,t,0.585425
b9d7a3b9-d99e-43af-b325-bfc5a6a562ca,a658b153-eaeb-473b-b105-fedf4abae431,9b8e8125-1bbb-47ad-b852-499f8dd30d80,6,8,10740850,10740850,2026-08-27 19:08:54,2026-08-27 19:08:54,,active,8.272989,f,03680363-c29e-49eb-b0d9-82b2ac52bcf6,5,t,0.787175
c8a0e89b-65fc-4311-bda4-57b129555074,a658b153-eaeb-473b-b105-fedf4abae431,bc2eaef9-36f0-4b80-aed2-621166f11900,6,9,11422039,11422039,2026-08-27 19:10:11,2026-08-27 19:10:11,,active,8.950403,f,03680363-c29e-49eb-b0d9-82b2ac52bcf6,1,t,0.597483
cfc4d62b-c5e4-4dad-adf3-f3787f2f5c42,a658b153-eaeb-473b-b105-fedf4abae431,28ca5f4f-a07d-4c5b-8b47-feff8603fa11,6,6,7504846,7504846,2026-08-27 19:08:11,2026-08-27 19:08:11,,active,5.847809,f,03680363-c29e-49eb-b0d9-82b2ac52bcf6,1,t,0.588449
e8514180-892c-4056-93ec-e0eabc24336a,a658b153-eaeb-473b-b105-fedf4abae431,a0614e7a-dc45-41d3-b9f3-59b746890a9a,6,8,9851872,9851872,2026-08-27 19:09:00,2026-08-27 19:09:00,,active,7.665493,f,03680363-c29e-49eb-b0d9-82b2ac52bcf6,1,t,0.782493
0224a082-422f-4f3f-b6a5-7db68e3919b3,a658b153-eaeb-473b-b105-fedf4abae431,d9d25ed5-9f43-43cc-b034-73945fd31051,7,9,11150796,11150796,2026-08-27 19:10:29,2026-08-27 19:10:29,,active,8.677873,f,03680363-c29e-49eb-b0d9-82b2ac52bcf6,1,t,0.830237
160315d6-20d5-496d-9696-2c848bb8a00d,a658b153-eaeb-473b-b105-fedf4abae431,9b8e8125-1bbb-47ad-b852-499f8dd30d80,7,8,10562941,10562941,2026-08-27 19:08:54,2026-08-27 19:08:54,,active,8.135957,f,03680363-c29e-49eb-b0d9-82b2ac52bcf6,1,t,0.652335
1fc8c920-4577-4510-b617-f71d8c72e15e,a658b153-eaeb-473b-b105-fedf4abae431,688e4841-8254-4d76-9b20-72550aad9208,7,8,9796409,9796409,2026-08-27 19:08:37,2026-08-27 19:08:37,,active,7.702208,f,03680363-c29e-49eb-b0d9-82b2ac52bcf6,1,t,0.766455
30396721-4834-4d3f-bbeb-618088d1ca34,a658b153-eaeb-473b-b105-fedf4abae431,a0614e7a-dc45-41d3-b9f3-59b746890a9a,7,7,9034181,9034181,2026-08-27 19:09:00,2026-08-27 19:09:00,,active,7.029268,f,03680363-c29e-49eb-b0d9-82b2ac52bcf6,1,t,0.749498
65023dfc-12d1-401c-ab5c-4d12d9eafa5d,a658b153-eaeb-473b-b105-fedf4abae431,3e6d7a4d-0fd1-4169-8c47-bf4965a336e2,7,8,10361669,10361669,2026-08-27 19:08:29,2026-08-27 19:08:29,,active,8.123421,f,03680363-c29e-49eb-b0d9-82b2ac52bcf6,1,t,0.792925
6add5e6a-1112-4841-864b-fe6a2c06527c,a658b153-eaeb-473b-b105-fedf4abae431,fc3aa94a-6300-420f-9d3c-babc4b9efea3,7,8,10246175,10246175,2026-08-27 19:10:39,2026-08-27 19:10:39,,active,7.853017,f,03680363-c29e-49eb-b0d9-82b2ac52bcf6,1,t,0.790480
f06d6378-a181-4bb1-82e9-5db4df1850b5,a658b153-eaeb-473b-b105-fedf4abae431,bc2eaef9-36f0-4b80-aed2-621166f11900,7,6,7526804,7526804,2026-08-27 19:10:11,2026-08-27 19:10:11,,active,5.898065,f,03680363-c29e-49eb-b0d9-82b2ac52bcf6,1,t,0.712961
faa33fa0-8740-4d02-83a7-facf756ec0b5,a658b153-eaeb-473b-b105-fedf4abae431,28ca5f4f-a07d-4c5b-8b47-feff8603fa11,7,5,5919126,5919126,2026-08-27 19:08:11,2026-08-27 19:08:11,,active,4.612209,f,03680363-c29e-49eb-b0d9-82b2ac52bcf6,1,t,0.791747
fcb50e32-84a9-47fa-bded-643519e436e2,a658b153-eaeb-473b-b105-fedf4abae431,a590ccbb-79cc-42ea-87cd-84428d95f854,7,8,10385754,10385754,2026-08-27 19:09:29,2026-08-27 19:09:30,,active,8.162474,f,03680363-c29e-49eb-b0d9-82b2ac52bcf6,1,t,0.617146
142ce963-1ca0-4a53-9d1b-6be70a731199,a658b153-eaeb-473b-b105-fedf4abae431,3e6d7a4d-0fd1-4169-8c47-bf4965a336e2,8,8,10109062,10109062,2026-08-27 19:08:29,2026-08-27 19:08:29,,active,7.925380,f,03680363-c29e-49eb-b0d9-82b2ac52bcf6,1,t,0.838328
54c1a5e6-0a2d-4459-9aac-45170e9b76fb,a658b153-eaeb-473b-b105-fedf4abae431,bc2eaef9-36f0-4b80-aed2-621166f11900,8,9,11149651,11149651,2026-08-27 19:10:11,2026-08-27 19:10:11,,active,8.736957,f,03680363-c29e-49eb-b0d9-82b2ac52bcf6,1,t,0.583233
a0367c2c-8a9f-4bdc-a29d-cea3386e63c8,a658b153-eaeb-473b-b105-fedf4abae431,fc3aa94a-6300-420f-9d3c-babc4b9efea3,8,7,8838187,8838187,2026-08-27 19:10:39,2026-08-27 19:10:39,,active,6.773887,f,03680363-c29e-49eb-b0d9-82b2ac52bcf6,1,t,0.550134
aafaf513-9db3-460d-89fb-6d56f2b95ed7,a658b153-eaeb-473b-b105-fedf4abae431,a590ccbb-79cc-42ea-87cd-84428d95f854,8,8,10461504,10461504,2026-08-27 19:09:30,2026-08-27 19:09:31,,active,8.222008,f,03680363-c29e-49eb-b0d9-82b2ac52bcf6,1,t,0.799594
cce1b27d-957e-4b1a-9e86-29f311f6acbf,a658b153-eaeb-473b-b105-fedf4abae431,d9d25ed5-9f43-43cc-b034-73945fd31051,8,7,9119263,9119263,2026-08-27 19:10:29,2026-08-27 19:10:29,,active,7.096875,f,03680363-c29e-49eb-b0d9-82b2ac52bcf6,1,t,0.737998
e040d006-fb14-4f4f-844d-d0ddeefe588c,a658b153-eaeb-473b-b105-fedf4abae431,28ca5f4f-a07d-4c5b-8b47-feff8603fa11,8,9,11345814,11345814,2026-08-27 19:08:11,2026-08-27 19:08:12,,active,8.840708,f,03680363-c29e-49eb-b0d9-82b2ac52bcf6,1,t,0.700206
eededa2d-9354-4e2c-b636-c84dffa2a54a,a658b153-eaeb-473b-b105-fedf4abae431,a0614e7a-dc45-41d3-b9f3-59b746890a9a,8,7,9221571,9221571,2026-08-27 19:09:00,2026-08-27 19:09:01,,active,7.175072,f,03680363-c29e-49eb-b0d9-82b2ac52bcf6,1,t,0.759004
119c1db3-79f8-4f9b-a2a3-b54fe1e9aa61,a658b153-eaeb-473b-b105-fedf4abae431,a590ccbb-79cc-42ea-87cd-84428d95f854,9,7,9155518,9155518,2026-08-27 19:09:31,2026-08-27 19:09:31,,active,7.195595,f,03680363-c29e-49eb-b0d9-82b2ac52bcf6,1,t,0.626429
23d62bc6-4fc7-4db2-9ba7-85a51f33bbf0,a658b153-eaeb-473b-b105-fedf4abae431,bc2eaef9-36f0-4b80-aed2-621166f11900,9,7,9170409,9170409,2026-08-27 19:10:11,2026-08-27 19:10:12,,active,7.186007,f,03680363-c29e-49eb-b0d9-82b2ac52bcf6,1,t,0.802027
76d2cc31-db3b-46c7-87d3-9edc961baf40,a658b153-eaeb-473b-b105-fedf4abae431,3e6d7a4d-0fd1-4169-8c47-bf4965a336e2,9,7,8651851,8651851,2026-08-27 19:08:29,2026-08-27 19:08:29,,active,6.782944,f,03680363-c29e-49eb-b0d9-82b2ac52bcf6,1,t,0.638248
8dc01d45-0da4-4564-888f-88a3c0f3c21c,a658b153-eaeb-473b-b105-fedf4abae431,a0614e7a-dc45-41d3-b9f3-59b746890a9a,9,7,8657052,8657052,2026-08-27 19:09:01,2026-08-27 19:09:01,,active,6.735834,f,03680363-c29e-49eb-b0d9-82b2ac52bcf6,1,t,0.799588
943c7f40-7fab-4b6b-b21d-bdba7cc34a9e,a658b153-eaeb-473b-b105-fedf4abae431,d9d25ed5-9f43-43cc-b034-73945fd31051,9,7,9016678,9016678,2026-08-27 19:10:29,2026-08-27 19:10:30,,active,7.017040,f,03680363-c29e-49eb-b0d9-82b2ac52bcf6,1,t,0.839561
9ccbc2ee-53ba-49a9-9abd-dfa80d24eacd,a658b153-eaeb-473b-b105-fedf4abae431,28ca5f4f-a07d-4c5b-8b47-feff8603fa11,9,9,11497974,11497974,2026-08-27 19:08:12,2026-08-27 19:08:12,,active,8.959272,f,03680363-c29e-49eb-b0d9-82b2ac52bcf6,1,t,0.889938
1c19da5c-ae22-4374-9530-ec4dcaf2283f,a658b153-eaeb-473b-b105-fedf4abae431,28ca5f4f-a07d-4c5b-8b47-feff8603fa11,10,7,9194459,9194459,2026-08-27 19:08:12,2026-08-27 19:08:12,,active,7.164363,f,03680363-c29e-49eb-b0d9-82b2ac52bcf6,1,t,0.650404
9263a3b2-c866-44d4-bbe9-cd2348b7e025,a658b153-eaeb-473b-b105-fedf4abae431,d9d25ed5-9f43-43cc-b034-73945fd31051,10,8,10088079,10088079,2026-08-27 19:10:30,2026-08-27 19:10:30,,active,7.850836,f,03680363-c29e-49eb-b0d9-82b2ac52bcf6,1,t,0.758137
c0c30976-16ea-42da-b80a-b6cc4fe7dd1b,a658b153-eaeb-473b-b105-fedf4abae431,bc2eaef9-36f0-4b80-aed2-621166f11900,10,9,11699759,11699759,2026-08-27 19:10:12,2026-08-27 19:10:12,,active,9.168026,f,03680363-c29e-49eb-b0d9-82b2ac52bcf6,1,t,0.814089
e5e46d87-118f-41b8-adcf-6bee1d4ee4dc,a658b153-eaeb-473b-b105-fedf4abae431,3e6d7a4d-0fd1-4169-8c47-bf4965a336e2,10,7,8700559,8700559,2026-08-27 19:08:29,2026-08-27 19:08:29,,active,6.821131,f,03680363-c29e-49eb-b0d9-82b2ac52bcf6,1,t,0.676463
50300101-1ccc-4196-9a2a-4938dec5b93b,a658b153-eaeb-473b-b105-fedf4abae431,d9d25ed5-9f43-43cc-b034-73945fd31051,11,8,10312588,10312588,2026-08-27 19:10:30,2026-08-27 19:10:30,,active,8.025555,f,03680363-c29e-49eb-b0d9-82b2ac52bcf6,1,t,0.716575
5e4389e1-64cf-47a6-b79e-6b25bc721808,a658b153-eaeb-473b-b105-fedf4abae431,bc2eaef9-36f0-4b80-aed2-621166f11900,11,7,8625182,8625182,2026-08-27 19:10:12,2026-08-27 19:10:12,,active,6.758763,f,03680363-c29e-49eb-b0d9-82b2ac52bcf6,1,t,0.731504
afb5eb36-c925-42c9-ab71-79629b4e247d,a658b153-eaeb-473b-b105-fedf4abae431,3e6d7a4d-0fd1-4169-8c47-bf4965a336e2,11,8,10148440,10148440,2026-08-27 19:08:29,2026-08-27 19:08:30,,active,7.956252,f,03680363-c29e-49eb-b0d9-82b2ac52bcf6,1,t,0.746307
fe26f8b3-4ade-4e50-bfca-0eff54c44f93,a658b153-eaeb-473b-b105-fedf4abae431,28ca5f4f-a07d-4c5b-8b47-feff8603fa11,11,9,11855215,11855215,2026-08-27 19:08:12,2026-08-27 19:08:12,,active,9.237636,f,03680363-c29e-49eb-b0d9-82b2ac52bcf6,1,t,0.664426
4f66eff7-736e-4541-af84-68959c1ee9ba,a658b153-eaeb-473b-b105-fedf4abae431,bc2eaef9-36f0-4b80-aed2-621166f11900,12,7,9090771,9090771,2026-08-27 19:10:12,2026-08-27 19:10:12,,active,7.123602,f,03680363-c29e-49eb-b0d9-82b2ac52bcf6,1,t,0.674907
671886eb-f559-42ff-a15a-e1a2a80cb76e,a658b153-eaeb-473b-b105-fedf4abae431,3e6d7a4d-0fd1-4169-8c47-bf4965a336e2,12,6,7868824,7868824,2026-08-27 19:08:30,2026-08-27 19:08:30,,active,6.169061,f,03680363-c29e-49eb-b0d9-82b2ac52bcf6,1,t,0.623285
f6f29ceb-0ac6-405f-94cb-8cea7ae03b00,a658b153-eaeb-473b-b105-fedf4abae431,d9d25ed5-9f43-43cc-b034-73945fd31051,12,6,8022017,8022017,2026-08-27 19:10:30,2026-08-27 19:10:30,,active,6.242966,f,03680363-c29e-49eb-b0d9-82b2ac52bcf6,1,t,0.701702
0be01bb8-8757-468f-a527-dabbd51b3110,a658b153-eaeb-473b-b105-fedf4abae431,3e6d7a4d-0fd1-4169-8c47-bf4965a336e2,13,8,9944201,9944201,2026-08-27 19:08:30,2026-08-27 19:08:30,,active,7.796131,f,03680363-c29e-49eb-b0d9-82b2ac52bcf6,1,t,0.608565
3ccf397b-0f7e-4af6-9e2e-1cbd5617ac7b,a658b153-eaeb-473b-b105-fedf4abae431,bc2eaef9-36f0-4b80-aed2-621166f11900,13,9,10860676,10860676,2026-08-27 19:10:12,2026-08-27 19:10:12,,active,8.510514,f,03680363-c29e-49eb-b0d9-82b2ac52bcf6,1,t,0.772167
10a2d75f-d2f9-48bc-858e-d39f2e6ce29a,a658b153-eaeb-473b-b105-fedf4abae431,bc2eaef9-36f0-4b80-aed2-621166f11900,14,9,11603648,11603648,2026-08-27 19:10:12,2026-08-27 19:10:12,,active,9.092713,f,03680363-c29e-49eb-b0d9-82b2ac52bcf6,1,t,0.648889
f214e2d3-304f-4d86-9d53-ae91103f1d33,a658b153-eaeb-473b-b105-fedf4abae431,3e6d7a4d-0fd1-4169-8c47-bf4965a336e2,14,6,7595583,7595583,2026-08-27 19:08:30,2026-08-27 19:08:30,,active,5.954843,f,03680363-c29e-49eb-b0d9-82b2ac52bcf6,1,t,0.701736
14fedf05-9ca8-44a9-a1c9-2078ff18d5be,a658b153-eaeb-473b-b105-fedf4abae431,bc2eaef9-36f0-4b80-aed2-621166f11900,15,7,8434965,8434965,2026-08-27 19:10:12,2026-08-27 19:10:12,,active,6.609707,f,03680363-c29e-49eb-b0d9-82b2ac52bcf6,1,t,0.727493
e29d9512-3a69-4467-913c-691a9b8c4811,a658b153-eaeb-473b-b105-fedf4abae431,bc2eaef9-36f0-4b80-aed2-621166f11900,16,6,7534373,7534373,2026-08-27 19:10:12,2026-08-27 19:10:12,,active,5.903996,f,03680363-c29e-49eb-b0d9-82b2ac52bcf6,1,t,0.742078
21b0c919-dc81-4949-b341-381c66c50615,a658b153-eaeb-473b-b105-fedf4abae431,bc2eaef9-36f0-4b80-aed2-621166f11900,17,8,10155550,10155550,2026-08-27 19:10:13,2026-08-27 19:10:13,,active,7.957972,f,03680363-c29e-49eb-b0d9-82b2ac52bcf6,1,t,0.695831
52ad6fd3-4eec-4670-a76f-5e79adc24127,a658b153-eaeb-473b-b105-fedf4abae431,bc2eaef9-36f0-4b80-aed2-621166f11900,18,5,6416527,6416527,2026-08-27 19:10:13,2026-08-27 19:10:13,,active,5.028043,f,03680363-c29e-49eb-b0d9-82b2ac52bcf6,1,t,0.827338
13102e00-db1d-498f-ab94-fd2896077c38,a658b153-eaeb-473b-b105-fedf4abae431,bc2eaef9-36f0-4b80-aed2-621166f11900,19,7,8726197,8726197,2026-08-27 19:10:13,2026-08-27 19:10:13,,active,6.837919,f,03680363-c29e-49eb-b0d9-82b2ac52bcf6,1,t,0.821449
63d9f872-6707-48c0-82ca-f8b585a36b40,a658b153-eaeb-473b-b105-fedf4abae431,bc2eaef9-36f0-4b80-aed2-621166f11900,20,5,6377292,6377292,2026-08-27 19:10:13,2026-08-27 19:10:13,,active,4.997298,f,03680363-c29e-49eb-b0d9-82b2ac52bcf6,1,t,0.751890
60de1a3b-6c02-4aa2-a77d-d3566e3418f6,a658b153-eaeb-473b-b105-fedf4abae431,bc2eaef9-36f0-4b80-aed2-621166f11900,21,7,8836005,8836005,2026-08-27 19:10:13,2026-08-27 19:10:13,,active,6.923965,f,03680363-c29e-49eb-b0d9-82b2ac52bcf6,1,t,0.812698
65c4c6f0-74cf-4684-9daa-26169992aea2,a658b153-eaeb-473b-b105-fedf4abae431,bc2eaef9-36f0-4b80-aed2-621166f11900,22,8,10814933,10814933,2026-08-27 19:10:13,2026-08-27 19:10:13,,active,8.474669,f,03680363-c29e-49eb-b0d9-82b2ac52bcf6,1,t,0.563335
cd05f2a6-ec51-4f98-bd95-4fcf529b28a8,a658b153-eaeb-473b-b105-fedf4abae431,bc2eaef9-36f0-4b80-aed2-621166f11900,23,9,11528147,11528147,2026-08-27 19:10:13,2026-08-27 19:10:13,,active,9.033550,f,03680363-c29e-49eb-b0d9-82b2ac52bcf6,1,t,0.784177
75d4d05e-e5bc-4d97-a2b4-964579d9ebf2,a658b153-eaeb-473b-b105-fedf4abae431,bc2eaef9-36f0-4b80-aed2-621166f11900,24,6,7815188,7815188,2026-08-27 19:10:13,2026-08-27 19:10:13,,active,6.124045,f,03680363-c29e-49eb-b0d9-82b2ac52bcf6,1,t,0.712239
9271fc27-6225-45fe-b092-456b12cc51bb,a658b153-eaeb-473b-b105-fedf4abae431,bc2eaef9-36f0-4b80-aed2-621166f11900,25,7,9031044,9031044,2026-08-27 19:10:13,2026-08-27 19:10:14,,active,7.076799,f,03680363-c29e-49eb-b0d9-82b2ac52bcf6,1,t,0.720022
3849f3b3-cdb6-4687-b6f8-c6af920a188c,a658b153-eaeb-473b-b105-fedf4abae431,bc2eaef9-36f0-4b80-aed2-621166f11900,26,8,9947918,9947918,2026-08-27 19:10:14,2026-08-27 19:10:14,,active,7.795269,f,03680363-c29e-49eb-b0d9-82b2ac52bcf6,1,t,0.647058
