id,district_id,jurisdiction_id,subdivision_id
6848599a-3e01-46ae-b61d-a2b4e682cb59,0027658f-ef3b-4c55-88c7-cd94405c4d47,0bb1ce8c-c5c8-451f-b042-7b2ab51b29aa,
f3a2e247-5736-4259-93d1-8ada2689b431,0027658f-ef3b-4c55-88c7-cd94405c4d47,143e3ba8-6999-4922-94f9-39ab7de211a9,
e27654e8-e15e-4096-94b2-c1cb64906a69,0027658f-ef3b-4c55-88c7-cd94405c4d47,22801f04-ea63-44cd-a1c8-263b0d048e33,
c70cf944-5b1b-432f-b764-85612cef64ab,0027658f-ef3b-4c55-88c7-cd94405c4d47,63560fee-3bb4-4f63-957e-f7d9009f2f3c,
535680ad-6125-437f-8d33-ac7170243e11,0027658f-ef3b-4c55-88c7-cd94405c4d47,abd10673-99d2-4c11-9f51-47bcfdbc0c79,
14a52a9f-70fa-4e0b-98c7-ec1470cd3d65,0027658f-ef3b-4c55-88c7-cd94405c4d47,f1d5088e-6072-4cd6-a72c-b86576b1902c,
88b47af9-2530-41b3-9d7c-b33080899bc6,06b537cb-3ebd-4e66-9082-8c4ab9ec6bad,03ccc347-485e-4752-a995-7183efe0cac1,
afac5bf7-a00d-4510-9ac9-10203ac1c278,06b537cb-3ebd-4e66-9082-8c4ab9ec6bad,2ffda1fd-5b33-47d4-8332-ccdd988ee175,
0007881a-678e-4d4e-b3d8-9c62ff79779b,06b537cb-3ebd-4e66-9082-8c4ab9ec6bad,72f69ed9-8c2b-4d97-a847-e0622783cb47,
755e2fa3-c94a-42f5-917e-f18cc5828417,06b537cb-3ebd-4e66-9082-8c4ab9ec6bad,7cfb2d59-eca2-4d8b-af57-3b45993f4089,
5aabed75-efc2-47d0-ba47-3a751aade104,06b537cb-3ebd-4e66-9082-8c4ab9ec6bad,a6e84769-0fb7-4a15-b4cc-193b92929332,
0bb0d6cb-b323-4d08-ad66-114bb0f1d60d,06b537cb-3ebd-4e66-9082-8c4ab9ec6bad,b83d2be7-f42c-4b4e-9063-a3561c352e63,
73afca7e-80bd-4bbc-ab08-f590d9b68e9e,06b537cb-3ebd-4e66-9082-8c4ab9ec6bad,c90c6d6f-c3ca-4c0d-9983-b75de6380e8f,
12b4f790-bbbc-4b4d-8e62-02cb14ca82f1,06b537cb-3ebd-4e66-9082-8c4ab9ec6bad,fbcacc61-fdaa-4d51-ae53-acf2856fbbc0,
d71e05cc-43ba-4a78-ae2a-94a74e43b48b,07644db9-929e-4bff-bb1a-2fd56ae3e133,397eee17-d6d8-4e5e-ade7-ab1dcf157a84,
ff4e46f3-8583-4f8b-b4f6-1eb813789ce9,07644db9-929e-4bff-bb1a-2fd56ae3e133,6a60db12-c9c6-48ae-b420-2b810d94640d,
f4f49cf8-448a-4178-a0f1-6cdec43e36b4,07644db9-929e-4bff-bb1a-2fd56ae3e133,b1796f66-5d53-4f9f-90d6-b1c8d2ab73e8,
6e860c5f-3e96-4b10-8f1c-f924a132ac41,07987b50-5826-4ac7-99ec-980989e94d54,290e0ea5-0ac0-4b43-8361-10abac53c2a2,
96131d2b-85d6-408a-aaa6-a5d083cef680,07987b50-5826-4ac7-99ec-980989e94d54,523295a4-9dea-4333-a5fd-46b05308ecb6,
5d8d31c4-a9d2-407c-9018-e62bba81eb1d,07a8ec3a-c3c8-4bf4-ab0a-9367655b50f9,b54da252-b9f8-4a21-9d5f-b1e3e05b2755,
1f980786-548d-4842-85fd-990c01e9a19a,096722ae-586e-458e-a91b-a4bc12cd0bc6,56de9b71-fb40-4fb3-bd61-21a03f7848a4,
3d770ce0-51a0-426c-b76b-2cf6f1842d95,096722ae-586e-458e-a91b-a4bc12cd0bc6,8c05b8ad-7b20-471b-b0ad-89b5726a3b32,
d8193dbd-f64b-4435-84c4-4efe4093875f,096722ae-586e-458e-a91b-a4bc12cd0bc6,acf7a73d-d7f1-4bfa-ad3d-daf5a02031d6,
cc23ca1a-8d9d-4bc9-89b2-3efe9eeeed48,096722ae-586e-458e-a91b-a4bc12cd0bc6,ec95283b-c5f9-4b57-b81f-941780288e77,
4a41a85d-6f68-4da8-80ea-6abfa2941cbb,09fc4a42-83d8-48bb-9609-2ff54c1067a0,061b3070-750f-4deb-858e-0bab8b6a075d,
ac9134bc-3be8-4321-8e6c-764b244fb915,09fc4a42-83d8-48bb-9609-2ff54c1067a0,0c2c28c3-1340-4930-a3f7-8d48ae2b0b56,
74557f92-f117-4021-a570-72554db5a09a,09fc4a42-83d8-48bb-9609-2ff54c1067a0,1025accc-a428-4a5d-b71e-3662869e69cd,
7752b7c0-b6af-4105-92a3-131e672c7fa9,09fc4a42-83d8-48bb-9609-2ff54c1067a0,174f11e8-ce08-4a36-be6a-dcc4757fdd5c,
d0e49098-2c73-4b75-81fd-0f8f0ebd1fe9,09fc4a42-83d8-48bb-9609-2ff54c1067a0,1866523e-2525-43e2-8491-4f2a24abcfbd,
95941a86-858e-4756-b12c-83427008c186,09fc4a42-83d8-48bb-9609-2ff54c1067a0,1c6be012-bc25-432a-afa5-8972f2428cd6,
3ab18cfa-31c1-4ce3-ab6e-5092c6c1ee58,09fc4a42-83d8-48bb-9609-2ff54c1067a0,2413e80c-371c-439b-9f0d-e6ec099d19ab,
2d9eb402-d00d-4d77-ac4f-10f82302d4f5,09fc4a42-83d8-48bb-9609-2ff54c1067a0,33bb212e-704b-48e4-b963-c338a022aba5,
137e7320-5e36-483b-b3ff-141dda445e34,09fc4a42-83d8-48bb-9609-2ff54c1067a0,362a80c2-8b4e-4134-bb48-f4a3f161113c,
2ad33ac8-c8dc-4e59-abfe-9d6d36aee9cb,09fc4a42-83d8-48bb-9609-2ff54c1067a0,3b7657a0-b057-4314-9f8a-ece24a583bf1,
b3bac2ca-fb72-4aa8-bb7d-7f315c1b0982,09fc4a42-83d8-48bb-9609-2ff54c1067a0,40a2d670-16cb-4e8e-acb0-5db74bf9474e,
b033bb9f-d6f5-47bc-b249-6a17af3915e3,09fc4a42-83d8-48bb-9609-2ff54c1067a0,4154875d-1ce7-415c-a7ad-7dc5bf9b09d9,
add2b3ba-caa5-43bd-acd2-c43b81fef212,09fc4a42-83d8-48bb-9609-2ff54c1067a0,43664250-f15b-42b0-a3a5-b346b932144a,
80fdad68-86c7-49f1-9e68-bfc47ff33f31,09fc4a42-83d8-48bb-9609-2ff54c1067a0,50c1ab45-6290-44e6-9488-06703325a943,
5fde5956-c3e2-43f3-a2c8-48ff3b5babe7,09fc4a42-83d8-48bb-9609-2ff54c1067a0,59126a20-291c-4c84-a8af-b9e01fb5999a,
880f8edf-f057-49fe-ae4f-cdc90b91feea,09fc4a42-83d8-48bb-9609-2ff54c1067a0,5a5a4ff5-aa40-4b52-be4f-07acd1a8cae2,
5500eb6f-0084-4758-a8b9-82fb1126a866,09fc4a42-83d8-48bb-9609-2ff54c1067a0,5d701717-005b-4a81-93cb-537d4816d689,
d7c0e486-4316-4465-97fe-23c854f10d5c,09fc4a42-83d8-48bb-9609-2ff54c1067a0,5e40ed2e-3555-4499-986c-6e21a1d69cce,
d5fe4111-230e-4210-ab2e-1bc1876208d9,09fc4a42-83d8-48bb-9609-2ff54c1067a0,624de47a-0e72-443d-953c-0df405c785fc,
2dc20e2f-0b3f-4929-ad58-b6fc6add0147,09fc4a42-83d8-48bb-9609-2ff54c1067a0,6b027f13-d7af-403b-9b46-24e35dd36bf3,
07a8cb2e-2947-4287-9d1c-12bca2fc96e4,09fc4a42-83d8-48bb-9609-2ff54c1067a0,6e3285d9-77b0-4aab-86b0-296caa7d2ae0,
4c1eebfd-51af-488b-9f2b-b0aca1c84502,09fc4a42-83d8-48bb-9609-2ff54c1067a0,7d82dfb0-9296-4fe6-8ea9-4abd8e803d5c,
cbe151bd-1818-4507-babb-1ecd5e7d0c1d,09fc4a42-83d8-48bb-9609-2ff54c1067a0,82503729-0fdc-4598-add7-2dc6451b8d59,
2bd558ef-e7e7-4d17-9977-29d8e3ad41cd,09fc4a42-83d8-48bb-9609-2ff54c1067a0,88a5325d-1844-47d1-acca-cfbd2555d850,
7d9fef24-92b2-44de-8699-68605cb2241a,09fc4a42-83d8-48bb-9609-2ff54c1067a0,89e97104-2307-495e-964a-d996dda68cb1,
840540e6-3dd1-4899-bf79-ba3b8a8f5af1,09fc4a42-83d8-48bb-9609-2ff54c1067a0,9086d649-bfd2-4040-ba92-f90de8645f5e,
960b797d-eccd-4037-958c-88c97a440fd3,09fc4a42-83d8-48bb-9609-2ff54c1067a0,91d9c81e-22d5-4710-b449-45e97a4f00be,
03d675e0-2aec-4d39-8ea9-df6369b95615,09fc4a42-83d8-48bb-9609-2ff54c1067a0,9308aa67-3f41-4f5c-8fe0-32728d5a971e,
f9110295-26a1-43ed-859f-957316eda650,09fc4a42-83d8-48bb-9609-2ff54c1067a0,a5a9ae9d-bc96-4034-a0ce-479dae824a0d,
2a46fe9d-7ee5-4ad7-80a2-d7b5840e67a9,09fc4a42-83d8-48bb-9609-2ff54c1067a0,aa781d9d-fb0b-493d-837b-f8ea3c0a16bf,
3790586d-1a81-4fb6-879d-8488ee9a4042,09fc4a42-83d8-48bb-9609-2ff54c1067a0,b152ff52-dcfe-4d4c-909a-d6a4499e32ab,
dc8e009b-02c3-4669-b7bf-da60a7914076,09fc4a42-83d8-48bb-9609-2ff54c1067a0,b25df064-f54d-4b23-9375-4a0b07a67f36,
73cd311b-4a2d-4877-89f5-7d1bd9280a64,09fc4a42-83d8-48bb-9609-2ff54c1067a0,b5a6270c-612a-48a3-8467-904497a7be96,
666284cb-2c56-4292-bdd1-d5b3aecb38f4,09fc4a42-83d8-48bb-9609-2ff54c1067a0,b69bd963-5cd8-4013-a18c-3502e99a8801,
c7c491e1-710c-42db-9d3e-2089b0d2fc0e,09fc4a42-83d8-48bb-9609-2ff54c1067a0,b811bf9e-748a-4b32-aece-0aaf1d9a7939,
e5f5e69d-c807-480b-be81-74e42a3aa94e,09fc4a42-83d8-48bb-9609-2ff54c1067a0,bafbbfe6-f802-41af-902d-8d53c9d29cb4,
5b05179b-e18c-4e45-b633-f204c5083890,09fc4a42-83d8-48bb-9609-2ff54c1067a0,c875ac27-2d94-46a0-9ee4-6c4f192b2716,
5fca913b-0b94-4825-860d-6f545cc907af,09fc4a42-83d8-48bb-9609-2ff54c1067a0,ccf863bb-ec02-4289-876c-acebe24850a8,
4baf4522-9d59-4e91-9f70-7b454206dfda,09fc4a42-83d8-48bb-9609-2ff54c1067a0,d1dfb3af-aab7-4fb2-83a4-8ed9a1c4a49a,
8c296ae9-e503-49a3-8cfc-0c9f855e3cf0,09fc4a42-83d8-48bb-9609-2ff54c1067a0,d387fcca-6c5a-459f-878e-a65c0ccc4641,
fc0a372c-a910-4836-842b-6779070c7694,09fc4a42-83d8-48bb-9609-2ff54c1067a0,da6e3d83-0efe-4042-9af8-c840412c4797,
332ab6d9-c5e8-4b4a-a830-3f125a282723,09fc4a42-83d8-48bb-9609-2ff54c1067a0,db420ce1-4cdf-4140-a043-6ac7cd435f20,
b79c7004-0646-4040-b4ec-0efa9cd8fcae,09fc4a42-83d8-48bb-9609-2ff54c1067a0,dc7b690a-bab3-4a9b-9746-b2998806f67b,
43263970-7187-41a6-acf8-841c58111003,09fc4a42-83d8-48bb-9609-2ff54c1067a0,de01c322-f43c-4287-b12e-03d4c609e754,
561c45a8-c247-4b9d-b594-5a2191f1ebc4,09fc4a42-83d8-48bb-9609-2ff54c1067a0,ec395ae9-cebf-4767-94b9-1d635193651f,
531ec3b2-e69b-4383-93d9-c89020403c3a,09fc4a42-83d8-48bb-9609-2ff54c1067a0,ee3896a7-3cbb-4be8-9ddc-da9d12b1af17,
e56e36a7-a9ef-41f0-9741-4bc936694ff2,09fc4a42-83d8-48bb-9609-2ff54c1067a0,f1b46b69-a688-4e43-879d-349caa0af63a,
4abd2745-d170-4935-9101-020d5b3585ce,09fc4a42-83d8-48bb-9609-2ff54c1067a0,f608adf9-5862-408c-8a2d-5e7f8ed10b13,
a8a8d065-ab44-48ed-8e93-db5acc7071c0,09fc4a42-83d8-48bb-9609-2ff54c1067a0,f70a09b2-5ffd-4a2a-806f-bcf2d8867372,
9c393e83-b182-43b1-9454-37f6638d0da6,0bcbb1f4-21a7-4d0c-98d9-ad5bf5e01142,,bcfa458e-4cbe-46a6-bade-ffabd5ee43e5
f857794d-f042-41bd-a0cb-5f6338b265b4,135e339e-a920-4779-801b-85c9dd0f3016,254cb310-b3dc-40a5-9df5-bb652f2fe4e8,
2baa8006-6599-48d3-8b3c-278b79097801,135e339e-a920-4779-801b-85c9dd0f3016,2b3f2833-5048-4264-834b-784fc5047467,
44f58df9-127a-4fd2-9537-b409d9d03aaa,135e339e-a920-4779-801b-85c9dd0f3016,37820b9a-1468-40e1-894d-af15c1e6999e,
f83ef61c-ea80-40b9-bf76-e0ffd2a9a795,135e339e-a920-4779-801b-85c9dd0f3016,633b140a-68a0-4d13-8edf-1b1e368ba929,
1be9a263-d305-4aeb-bcad-24a6168f441a,135e339e-a920-4779-801b-85c9dd0f3016,646cd344-7914-4bbc-b332-fe38a3f92f72,
fa497e51-c814-42ef-acb8-d4c59fcfc9ca,135e339e-a920-4779-801b-85c9dd0f3016,6a4fc887-a9e8-4732-a207-33473b53b9b6,
12916c42-61d3-4c65-8e3a-7644fa183736,17b45bbd-b980-4443-a946-71194041fce2,0b96e19b-5ba3-4704-92bd-3ecb97fb17d5,
f7eaedf4-d8b8-41cf-8f61-521abbb9d7ba,17b45bbd-b980-4443-a946-71194041fce2,5d0f0a33-2f01-4f2a-9392-140a2e8fe595,
34f1a83d-fcf4-4109-9ded-dd32a873d9ea,1a7bf5ce-b746-444a-8312-f4075fa74276,a13d6b0a-ca7f-4591-98c7-41c664014dfd,
7a24e71d-6f7a-4370-9c8d-17701c89d906,1a7bf5ce-b746-444a-8312-f4075fa74276,a68e778d-2049-4204-a049-63c74ba45560,
c44c6502-e7ea-4200-b864-e49649700b01,1a7bf5ce-b746-444a-8312-f4075fa74276,c6f91f8b-ed43-4ac4-b5f3-5794f81d5cfc,
87b6c43c-a2ee-4825-b57e-de7f0623aa41,1ce3fc42-2f13-4f9a-91b8-76ed1189b83d,0234c886-c98d-4ce3-a685-0489b3e4aef5,
63fcd011-1b97-4832-b3e2-f7ce1fe749ea,1ce3fc42-2f13-4f9a-91b8-76ed1189b83d,09561961-efb1-4995-a9ec-2c6bc77d0aed,
7ad5486e-efae-4c43-9956-2c7409d3c74a,1ce3fc42-2f13-4f9a-91b8-76ed1189b83d,0d419a16-47b4-4986-b637-c881af96675b,
c9827424-1d43-44fe-8116-394c98f5f390,1ce3fc42-2f13-4f9a-91b8-76ed1189b83d,0e48d9b0-9ea3-467d-8ea7-c754000e003f,
6ccaa956-3961-4755-a4d9-7d3917a7be6c,1ce3fc42-2f13-4f9a-91b8-76ed1189b83d,104375e1-d805-4891-a912-dd72af97b2a2,
019bdc83-e5f4-4e14-a7f3-01cfef8f10eb,1ce3fc42-2f13-4f9a-91b8-76ed1189b83d,11b32178-9577-4022-a889-cfce4a1c827f,
a1f96992-3e34-49bd-8613-4954b45ab0bf,1ce3fc42-2f13-4f9a-91b8-76ed1189b83d,12da7549-b252-415c-b4fb-164ebb88d283,
645f33ba-9fdf-4e16-922c-05a56328a3e9,1ce3fc42-2f13-4f9a-91b8-76ed1189b83d,177ce72c-7bbd-43e3-a780-69443f19d72e,
d0cfaf52-2fa1-4eb7-8067-8f74f7e2fe06,1ce3fc42-2f13-4f9a-91b8-76ed1189b83d,20518fe6-c38f-4dbb-b0fa-c854746c1dac,
ddca0e50-8ba6-4489-98ac-35c37fcb3969,1ce3fc42-2f13-4f9a-91b8-76ed1189b83d,2139495d-d2ea-44cd-b491-0db8a1c4bbee,
ac483f1f-4aca-4de0-83f9-92c05ff44b06,1ce3fc42-2f13-4f9a-91b8-76ed1189b83d,25a5edd7-c0f4-471e-880c-f7637256b15c,
6aeac32d-42a4-466c-b4a6-d99caa7c46f4,1ce3fc42-2f13-4f9a-91b8-76ed1189b83d,26f0b6e3-aa87-4853-83dd-000581c76e18,
709cc269-5472-4cc8-a889-1a35a235d617,1ce3fc42-2f13-4f9a-91b8-76ed1189b83d,28b89925-c15a-4e8c-9c85-6bd9d4ad952f,
e0c4ef39-724e-48d3-8da1-d96fd8c2a874,1ce3fc42-2f13-4f9a-91b8-76ed1189b83d,2cb4d141-b91c-4642-bc07-c0b67296571c,
5d86e1dc-db2d-48c3-b1be-7a6d11d37f3f,1ce3fc42-2f13-4f9a-91b8-76ed1189b83d,3261b198-fb86-48b9-8ca2-acd71064714a,
cd421eb2-86ee-4c52-ad79-1e865c737859,1ce3fc42-2f13-4f9a-91b8-76ed1189b83d,33b23940-cc74-49d9-9a87-2c4578ac4bfe,
d30833e8-0225-4bc3-bf35-4736e5a88ba2,1ce3fc42-2f13-4f9a-91b8-76ed1189b83d,3443ec67-06fc-448d-ba66-08795b502564,
da2eec7b-476a-469c-8848-4be141c8be65,1ce3fc42-2f13-4f9a-91b8-76ed1189b83d,35798c08-03c8-4bdc-ac2d-efb01d0a0ee7,
14ca9f88-cd5a-42c2-853b-85b8ff1dc724,1ce3fc42-2f13-4f9a-91b8-76ed1189b83d,369a4691-329a-4dd0-8a76-0410f5c4634f,
83b11c23-ca9f-43da-a291-0421544f1f7f,1ce3fc42-2f13-4f9a-91b8-76ed1189b83d,3712a754-3a5f-421d-a61c-97822d00c925,
4b3304d0-1477-4590-84a6-7f8413d8af6f,1ce3fc42-2f13-4f9a-91b8-76ed1189b83d,38df4ba1-5ff7-45e6-8ead-614567dc90ba,
86c9ffd7-9b9b-4aa5-bc9f-72ae87df8865,1ce3fc42-2f13-4f9a-91b8-76ed1189b83d,39b2e9a5-39d6-4e59-b9e2-191887011cdc,
bac7245a-7e3c-4299-ae2c-cdb45bb1035c,1ce3fc42-2f13-4f9a-91b8-76ed1189b83d,3f12fdee-2fcb-4e83-bbf3-b10458110b78,
9de0c635-901e-463a-a218-1dffda31d828,1ce3fc42-2f13-4f9a-91b8-76ed1189b83d,401663bb-ed7d-4f9f-a7de-9a16fdb3730d,
a5945aba-c214-4f78-b295-9dc22be98fc7,1ce3fc42-2f13-4f9a-91b8-76ed1189b83d,424652a4-9191-4731-90f7-e2a2f1ad04e7,
3424f6b5-972e-4c2f-9335-52cbb9d22162,1ce3fc42-2f13-4f9a-91b8-76ed1189b83d,43445eff-72ca-40ed-b5f1-adca392cc291,
646d0962-daa1-49c6-ba20-20a1ff6c999d,1ce3fc42-2f13-4f9a-91b8-76ed1189b83d,45c5c2c9-4b81-469d-8b8d-eb924599e577,
c8d59c54-fb52-40b2-a10c-1b5442e14f76,1ce3fc42-2f13-4f9a-91b8-76ed1189b83d,4656da4a-adb8-44a2-9054-e50150496398,
d52821f9-0ed3-4b51-9b5e-485c4b46e93c,1ce3fc42-2f13-4f9a-91b8-76ed1189b83d,473308e5-50a8-494d-939e-285ae9fb9249,
e700e7b8-3d79-4ea5-b16b-652778e36cf1,1ce3fc42-2f13-4f9a-91b8-76ed1189b83d,4cc0795f-3740-47fc-bdeb-e86b7541230c,
af661f19-8d0f-45ca-b5c7-19b87d607bd7,1ce3fc42-2f13-4f9a-91b8-76ed1189b83d,4cc22f5c-289f-4cab-9dfe-fb621edaa69e,
b8ae8e2b-8059-482d-a725-cf81bf9463de,1ce3fc42-2f13-4f9a-91b8-76ed1189b83d,4cfac8c9-eee8-44bc-8ecf-f84e72f1bef9,
28cfef4f-db32-4a7b-940a-97a7547ba126,1ce3fc42-2f13-4f9a-91b8-76ed1189b83d,5292880f-b86a-455d-8cfe-c74d8f09de46,
7ff50f64-edda-4bf8-810e-40f19105c5c0,1ce3fc42-2f13-4f9a-91b8-76ed1189b83d,52ddeabc-2f26-4508-a0db-eabc6482b1ec,
ab0ac3e4-d2ca-4053-aa17-77b85a21d809,1ce3fc42-2f13-4f9a-91b8-76ed1189b83d,5c3bef5a-841b-4c23-b260-87ba8e6ae079,
8f91ddb5-c74e-417f-b61e-74ec98a76715,1ce3fc42-2f13-4f9a-91b8-76ed1189b83d,65b5850b-0a69-4b40-9b36-515d00b794d6,
fee1cc1e-dd6e-462b-91b8-b8521e04e580,1ce3fc42-2f13-4f9a-91b8-76ed1189b83d,687d6130-b389-4f88-98c2-a0181e6a8f3a,
edf769d0-2251-43cb-8e8b-4406b2757d1a,1ce3fc42-2f13-4f9a-91b8-76ed1189b83d,69851ce5-c314-4a5a-95bb-53d33a6b8c7f,
0a7fd528-c79e-4b07-8471-c4cd8fca04f8,1ce3fc42-2f13-4f9a-91b8-76ed1189b83d,69cb789f-a91f-4ff7-a26e-6c00ac0db9bb,
4fc27704-99f4-40a9-b055-c8ae3012d748,1ce3fc42-2f13-4f9a-91b8-76ed1189b83d,6b73042a-a67e-48e8-8b40-9ba3b1b9e55c,
026cf443-34d2-478a-8368-a611173cf8a9,1ce3fc42-2f13-4f9a-91b8-76ed1189b83d,6c4e8fb4-b51f-4293-a484-b5a9b8670d27,
fbb00a2b-2d81-4d4c-84fa-a10e2ebd8d78,1ce3fc42-2f13-4f9a-91b8-76ed1189b83d,6c6f1e40-1995-4a83-80b7-78fbc2bc8161,
8673ea03-e712-41ae-a0a8-be616d15ade4,1ce3fc42-2f13-4f9a-91b8-76ed1189b83d,6d90e443-7828-47de-a7fb-bb42dca0b14e,
b6cfb5c2-bbec-4171-bffd-57a1f422cbef,1ce3fc42-2f13-4f9a-91b8-76ed1189b83d,70e89f86-1c89-4604-ac87-d8136685ff2a,
e6cacb05-ffe1-4473-89f5-65b03814a9d3,1ce3fc42-2f13-4f9a-91b8-76ed1189b83d,72b7c246-9402-4916-8c45-890dd2138313,
79bed447-043b-4e6c-8ea0-e7e39a7321aa,1ce3fc42-2f13-4f9a-91b8-76ed1189b83d,72de93ec-5114-42c8-9717-62bc71208e75,
7ce711fb-cad9-43ed-967a-24f2efb84ab2,1ce3fc42-2f13-4f9a-91b8-76ed1189b83d,72f490b7-e46e-498a-9d7b-c11764bae79e,
64cc0663-a4ca-411f-abb4-cacf151ca576,1ce3fc42-2f13-4f9a-91b8-76ed1189b83d,744ab82a-2785-40cc-a73e-a7de4c0d5a4d,
d2432f7d-d43d-4175-96f1-f7eb04fd899f,1ce3fc42-2f13-4f9a-91b8-76ed1189b83d,836fd792-b82f-4f74-b310-7f4a9a186c0f,
f87a7f84-cc11-4e9f-aad4-7df41e8b74a7,1ce3fc42-2f13-4f9a-91b8-76ed1189b83d,87c8cf18-03ec-4923-9a93-7d432e03d847,
141551b5-611d-4e37-90d7-3165120d7559,1ce3fc42-2f13-4f9a-91b8-76ed1189b83d,8ce456e0-e06d-406f-b18f-3c0eefadd161,
d1a1ecf4-a989-4684-a771-67d18295945e,1ce3fc42-2f13-4f9a-91b8-76ed1189b83d,91679571-37ca-4cc5-97d7-fa4b88563309,
a59616df-bb72-4617-8804-aac44a719a25,1ce3fc42-2f13-4f9a-91b8-76ed1189b83d,93ea007d-ff51-49d4-8412-ac91535e8508,
25c2fad2-e5bc-47a4-afe7-8d5485c1a35b,1ce3fc42-2f13-4f9a-91b8-76ed1189b83d,9b8221e4-5eec-44c4-bc19-a241949efe23,
6f40bd21-ea97-432e-934d-78c7b8f51de6,1ce3fc42-2f13-4f9a-91b8-76ed1189b83d,9f01cf3c-3595-4454-8c2a-d475d31a8a5f,
73705c82-b096-490b-b4d9-730b6ff2d096,1ce3fc42-2f13-4f9a-91b8-76ed1189b83d,a002e7fa-d031-4c51-ab80-549754a26351,
9363ebc6-3306-44a7-914e-bcbed80c6ecd,1ce3fc42-2f13-4f9a-91b8-76ed1189b83d,a3de8536-2efb-487f-9d64-e5b1ec9b14e7,
e7ea13d2-b558-4908-9bf6-44bf6c644eb7,1ce3fc42-2f13-4f9a-91b8-76ed1189b83d,a4e058f4-7e3f-4cdf-b422-e75043ea1732,
99a174bb-7efe-429e-b782-886f0a8c93f3,1ce3fc42-2f13-4f9a-91b8-76ed1189b83d,a6910402-217f-4c51-94f4-ece518e5d34d,
9a1c79e3-5c7a-4798-8080-228a3fcddf45,1ce3fc42-2f13-4f9a-91b8-76ed1189b83d,a7e07298-9777-48fb-b203-22bc5a4c57c6,
a978e763-6e31-4a4b-b1a3-3e9e924d368f,1ce3fc42-2f13-4f9a-91b8-76ed1189b83d,abed6389-6555-45d9-bc38-c779349f7a1f,
32a89edf-6ac1-4ace-aeca-9d0e018711ce,1ce3fc42-2f13-4f9a-91b8-76ed1189b83d,ae650f4e-ee83-4df5-874d-587cff421452,
a78b4432-227d-4a1b-86c0-a8770019a0c9,1ce3fc42-2f13-4f9a-91b8-76ed1189b83d,b082ed85-6681-44bd-a63c-86ad9eae502f,
032d9a26-a06b-4ec8-9d9e-7501741743cf,1ce3fc42-2f13-4f9a-91b8-76ed1189b83d,b1d096a9-36d5-4ca1-b713-7f22f686eb22,
2e1e6571-e84e-4044-94ba-820724b7d666,1ce3fc42-2f13-4f9a-91b8-76ed1189b83d,b3276831-34d0-419a-8c25-ec04dcdbea67,
3f2e1729-3436-4432-bdd9-88228e06ab32,1ce3fc42-2f13-4f9a-91b8-76ed1189b83d,b6f4f47f-8901-4c1c-829c-d569146cab48,
4ddd3e7d-3fc2-4258-a785-b7d372916ae5,1ce3fc42-2f13-4f9a-91b8-76ed1189b83d,b96f704d-6560-4223-9c7d-563e9d93b761,
9da5a91f-265d-4f63-acea-ba5b0d2ecdb5,1ce3fc42-2f13-4f9a-91b8-76ed1189b83d,ba701b9f-97de-4c21-8918-e2aee67ef7b3,
bf4783ae-59cd-48f2-bf7d-fd7f646f0f03,1ce3fc42-2f13-4f9a-91b8-76ed1189b83d,bdc6e125-8d89-4a74-a62c-662b4d974328,
287d3b2b-5c32-4695-86f7-d22916db0bd3,1ce3fc42-2f13-4f9a-91b8-76ed1189b83d,c092538f-35f7-4753-9f0b-ad607e4e5d35,
50cf0381-14bc-4fd7-a7f0-959e14cb1cfe,1ce3fc42-2f13-4f9a-91b8-76ed1189b83d,c7dbd3ff-a8e4-4438-a28e-92d76c1d48f5,
706676a6-4ed3-4936-83d4-1ecf024fa483,1ce3fc42-2f13-4f9a-91b8-76ed1189b83d,c91818d2-b6a5-43fe-a9fd-46f624ebc4ef,
fa4a0368-0073-41dd-9e90-e413db582c62,1ce3fc42-2f13-4f9a-91b8-76ed1189b83d,ce2a32cc-621b-415d-ad3c-16f7fa439dfa,
09e576a1-f10a-40b3-9131-bd78913c5a3b,1ce3fc42-2f13-4f9a-91b8-76ed1189b83d,d120ac23-2d5d-4852-990f-4f7e95e22d60,
07680fab-79e2-4fe0-aca1-94f27f640ab1,1ce3fc42-2f13-4f9a-91b8-76ed1189b83d,d12b6fc0-c40d-4a5f-8cc2-617d86995de4,
ecf41915-6a40-4577-8bf4-5eeb4d0a2b3c,1ce3fc42-2f13-4f9a-91b8-76ed1189b83d,d19bc4bb-b674-4bd2-830e-b113dea47e95,
1099a138-cfcf-46e0-9f48-03d73ed7c19d,1ce3fc42-2f13-4f9a-91b8-76ed1189b83d,d1b6000f-935a-4e1d-8cad-73ff25d7e1e1,
6760ed41-49fa-43f3-8ab8-71a1f6603122,1ce3fc42-2f13-4f9a-91b8-76ed1189b83d,d4dbd40e-75d6-40b4-b1ee-c591bb0cb806,
92fd2069-b354-49fb-af17-e8bab26e4f49,1ce3fc42-2f13-4f9a-91b8-76ed1189b83d,d4ef83df-eb2d-4d7a-9830-8b2afbeddce8,
15e18529-6fc1-4975-a142-c7032f78296c,1ce3fc42-2f13-4f9a-91b8-76ed1189b83d,d515150f-bc09-4b7f-9a7a-2a3705dd9dd1,
76ad911d-6710-4231-a1fb-37c29b77e5f7,1ce3fc42-2f13-4f9a-91b8-76ed1189b83d,d65fcb96-583b-4305-b413-480111df6853,
ddf53805-9280-4d93-b12f-0b741aca8ade,1ce3fc42-2f13-4f9a-91b8-76ed1189b83d,d71019b2-4da9-49ca-bfc9-6379dea778c0,
41a964e7-72e2-4f58-bba4-d333ca5c672a,1ce3fc42-2f13-4f9a-91b8-76ed1189b83d,d95d9f37-f999-40a9-8e96-f6ad85fa0d84,
4bf9cfa6-4ad3-4b2e-91ab-e6726dbf2b08,1ce3fc42-2f13-4f9a-91b8-76ed1189b83d,dceced98-c060-4b29-b186-37154f9f0fbc,
56e34b4a-6a75-42d6-9b69-3ebc148b3d40,1ce3fc42-2f13-4f9a-91b8-76ed1189b83d,dd58dafb-cc83-4d61-9fa7-55f6cbb01b80,
1de8bf7e-59df-412d-a0b9-937391f1a3fa,1ce3fc42-2f13-4f9a-91b8-76ed1189b83d,de5a45b6-2af7-4a46-becf-60184e7af914,
afe1f63d-6d95-4a98-ac5e-0f29638fb975,1ce3fc42-2f13-4f9a-91b8-76ed1189b83d,deb7ed8e-0847-4d90-8235-fe6bfded66b0,
211eb8d3-d468-4cd1-9566-8c1d2db335b4,1ce3fc42-2f13-4f9a-91b8-76ed1189b83d,e03d6e21-0ee3-48af-b855-36a0dd46c321,
0f110497-7cb6-4f81-acc7-a09d86a99653,1ce3fc42-2f13-4f9a-91b8-76ed1189b83d,e187796d-b914-49dc-a670-53c11110d5d4,
50c94987-93f3-4e10-9eda-7f25d82b6f6f,1ce3fc42-2f13-4f9a-91b8-76ed1189b83d,e201160a-f0b7-4ee9-911c-1f96472753ae,
40bd57ee-4dde-4d52-b838-9521e4a83a9f,1ce3fc42-2f13-4f9a-91b8-76ed1189b83d,e3cd2668-3e86-4a98-8fe5-a39f8636ed1f,
f01ea062-433c-41ed-89ca-19d3637f6c79,1ce3fc42-2f13-4f9a-91b8-76ed1189b83d,e643431a-692e-4d0d-8e3d-3ee3dc494eae,
aeb853d6-7954-4719-b7c9-e3491a588fb0,1ce3fc42-2f13-4f9a-91b8-76ed1189b83d,e78ce382-0708-4a91-a873-c75641598e2c,
e54d2965-ddb0-4459-9732-eb01cd28fcd0,1ce3fc42-2f13-4f9a-91b8-76ed1189b83d,e85cccc2-b80e-4369-8947-db87954e74c7,
409b3928-4903-43db-b60a-c0ccb93e0898,1ce3fc42-2f13-4f9a-91b8-76ed1189b83d,e8763334-352b-4333-837f-647200b1ddf0,
51ee1763-1870-464b-ab1a-49e72d90a1dd,1ce3fc42-2f13-4f9a-91b8-76ed1189b83d,e8e3263d-14a9-46b2-924f-2dadc0e8fe18,
a80f468e-e3b9-4eb6-8934-57dc9d2c8a89,1ce3fc42-2f13-4f9a-91b8-76ed1189b83d,eac7760d-bcfb-4e08-829a-6505aa1e5f91,
aa3915fc-b002-4d60-8588-f02499b3a29a,1ce3fc42-2f13-4f9a-91b8-76ed1189b83d,eb703c57-b1b4-4a34-befc-3b2dd0bc0217,
15890257-45d2-49f0-9870-65005bec61f9,1ce3fc42-2f13-4f9a-91b8-76ed1189b83d,ec51400e-079d-49a8-92b0-c228e002f937,
6d9b46df-42f2-47be-865a-7c2dfd864a2d,1ce3fc42-2f13-4f9a-91b8-76ed1189b83d,ec639ed4-ae3c-416c-ae05-86ded7f71136,
171c7bdf-5f98-453c-8a1e-a2e8635ec997,1ce3fc42-2f13-4f9a-91b8-76ed1189b83d,f03dc9bf-4e37-43b3-9ddb-175ab3b39542,
b6f7e98a-cd17-4c95-a1ad-919691e4675e,1ce3fc42-2f13-4f9a-91b8-76ed1189b83d,f0d60903-d69c-4e9d-a8c2-1bb8e708a58e,
aa4f71d9-e465-4da3-9f28-7f4e1f9ca69b,1ce3fc42-2f13-4f9a-91b8-76ed1189b83d,f5829523-a1c1-4959-8fd6-542ae9c62b13,
2480e3b9-aef4-41ae-97d8-9fce4b2af462,1ce3fc42-2f13-4f9a-91b8-76ed1189b83d,f6a0ab5d-0b16-4f4f-8184-60059c078c5c,
ee322102-eae3-4405-9d60-cda3df062242,1ce3fc42-2f13-4f9a-91b8-76ed1189b83d,f97a7027-5fe0-46bb-8e34-37b2e4153f73,
006321f9-0ffc-482a-86fa-0836c36a54a7,1ce3fc42-2f13-4f9a-91b8-76ed1189b83d,ff654185-8139-4527-a144-47cc1da03c01,
2c5e696f-6740-4e9b-9449-a2dc54cac814,1f4db976-6018-44e6-9df5-122aee7ada9b,,b3f2e6ec-2f96-48bd-b0e9-bf15092178de
14f65653-1d22-4eba-97a3-b6bdbe68038d,20a2d35c-276c-4d65-8556-87970cbf9d51,4ed180ee-7a24-4773-a681-a96850305cb7,
7dbf4caa-5b1a-4873-9c66-7da4af090b08,20a2d35c-276c-4d65-8556-87970cbf9d51,55cf65df-c96b-4ef8-9a3e-7f4946331079,
3a046f1f-f859-4b5c-a4a4-74e9e3ceade8,20a2d35c-276c-4d65-8556-87970cbf9d51,57a90898-7324-419c-98be-0f066e22d493,
1280c4ed-d1ba-4102-82d4-517670866814,20a2d35c-276c-4d65-8556-87970cbf9d51,67bfbee5-46dc-4d70-9408-82def8c3c1eb,
a6f27489-51fe-4186-a632-37d32cedc296,20a2d35c-276c-4d65-8556-87970cbf9d51,69acee0b-9f8e-4b36-ac42-7a5cb9ea2175,
dcd9702c-d18a-43a5-8ad8-5532ab2e83f7,20a2d35c-276c-4d65-8556-87970cbf9d51,8c672c42-fe1e-4c42-96e9-380cebc258f3,
ab76449f-d413-43c5-94e3-933d7074684f,20a2d35c-276c-4d65-8556-87970cbf9d51,ae1c16ed-adf8-4b83-b206-caca25bcaf73,
0935c2e0-335f-4e99-bf05-1f8965962242,20a2d35c-276c-4d65-8556-87970cbf9d51,aecaad32-6e57-4cb2-870f-7e89accc3c02,
1132e0cb-3c83-4bd2-837f-3005243eb328,20a2d35c-276c-4d65-8556-87970cbf9d51,b95e398e-2d9c-4aa7-a5d8-edeac2c798a4,
f417b6c0-1c71-46e6-8e27-d097fa9c68ba,20a2d35c-276c-4d65-8556-87970cbf9d51,bd0a7b29-b003-45d0-881e-2b568bb50b68,
7547a595-c8c5-44c8-a4ff-29dbb7184413,20a2d35c-276c-4d65-8556-87970cbf9d51,c843ffae-0da2-4402-b3be-83b6cda97701,
9dab6ebc-32aa-479f-a937-7403271e6a8a,20a2d35c-276c-4d65-8556-87970cbf9d51,c966be83-018b-414f-ae3e-49a2d0b9e11a,
aa0311d4-f9b9-4c70-8aac-ffb8aa89cc51,20a2d35c-276c-4d65-8556-87970cbf9d51,e0c24131-ed47-4754-bbee-5b38f7b7baaf,
174497e1-d05f-43fd-acfd-db6cfabb38b3,20a2d35c-276c-4d65-8556-87970cbf9d51,f3da1613-9c35-43d1-86fc-57bc01cfaac7,
c971c1de-c3be-4bbe-9b68-351e8a94b20b,20a2d35c-276c-4d65-8556-87970cbf9d51,f98291dd-9866-4b67-a485-4558b8d78f86,
1b01fbe6-c59c-4ad6-8645-7b709478b1fd,2ada16c9-3821-4828-bc37-99cd53f5cc58,de9a607f-4dba-4a0e-98f4-d732db175531,
a1d8bfda-3191-494b-b264-8096134db71f,2ada16c9-3821-4828-bc37-99cd53f5cc58,dfed2931-4b7d-4db8-8552-77b559917ec5,
5a5e1a9e-e803-46e8-be62-08816c7abd4f,2d359419-e996-44d2-a9ec-e7de676d9efc,dd1434f2-eee8-44be-b9a2-7a66cea0681e,
b242d039-e5d9-4a8a-9fb5-c07949304c95,34c4a05c-2e84-42c3-9d17-4d96cc293d14,5eca49ae-7857-45bc-a422-858c00033ceb,
9d0f12c0-8751-4c00-bfb8-84f4e005aeda,34c4a05c-2e84-42c3-9d17-4d96cc293d14,934c6153-4ad7-443a-833a-74141eda69e2,
93e9bdd1-3de8-4368-a805-e477dde03714,3c28a3af-9964-45e9-a8ac-310344949640,0a18324a-b583-4b89-b458-a7eba1428014,
06530132-a807-45b1-8bff-e53fe4aec544,3c28a3af-9964-45e9-a8ac-310344949640,16d89082-a385-4128-8a40-d3a14c6578bb,
b9dc64be-b847-4bb4-8d84-999d24be6804,3c28a3af-9964-45e9-a8ac-310344949640,194cea1a-893d-48b8-91d6-ec8fbcdcb7b1,
ca301e29-9399-4868-9b16-6c5f9e267374,3c28a3af-9964-45e9-a8ac-310344949640,2a19c88d-a623-45eb-b332-f992149cfe1a,
b1c8df5a-3df1-444f-83c4-f9ac504b919f,3c28a3af-9964-45e9-a8ac-310344949640,399d2c12-7a82-4be4-973f-53de8424e8d2,
cb698e97-b17b-4b38-9918-5dec7b6438af,3c28a3af-9964-45e9-a8ac-310344949640,4adf891a-445b-4aa4-81d7-8658cc93a906,
d83e47d7-09c2-4a67-a13f-a2cf43aae3e1,3c28a3af-9964-45e9-a8ac-310344949640,4c17d7ea-fcab-4266-9fe5-c9b26dcbfa86,
8d5540ae-3488-41b9-9ab6-0e3b2b60c4a9,3c28a3af-9964-45e9-a8ac-310344949640,5a8e5af5-e159-4d52-a9bc-c1dd49c17a5a,
908b7d4f-3f5c-4bde-8767-b3ce35b2776c,3c28a3af-9964-45e9-a8ac-310344949640,65670867-13de-41e6-81f0-d6a26b38b6c3,
ee954361-c22b-4ea5-beb6-b254ad60666b,3c28a3af-9964-45e9-a8ac-310344949640,7b83c499-e3d6-4fa1-919c-af3dc92bc7b3,
3414d13c-a0b4-477c-89a6-a3150d9f64c3,3c28a3af-9964-45e9-a8ac-310344949640,8181e97e-5fa9-4d91-bf21-f53d647a8268,
06fb9820-9809-45e3-881f-e3c331e63c73,3c28a3af-9964-45e9-a8ac-310344949640,827402ea-6c04-47dd-8c4b-d1d10e6e1fd2,
2b12e5d0-133c-428b-9452-9ef1a72f4668,3c28a3af-9964-45e9-a8ac-310344949640,943e489d-bc4f-4587-ab67-d148ca668106,
7bf18d9b-b441-49ea-bbda-933c3d241d8e,3c28a3af-9964-45e9-a8ac-310344949640,949ceab9-2267-49da-a84b-2130ba313eed,
9ec216b8-9e15-4ee3-bbb0-938c18a5fd1c,3c28a3af-9964-45e9-a8ac-310344949640,a8d5822c-1272-4bfc-b105-2c7b0305fff0,
10f8a2b6-51f9-472e-9ab8-9ab49938c9d0,3c28a3af-9964-45e9-a8ac-310344949640,b46e14d9-9a7d-40e8-a714-d8657bf78775,
825628e5-0310-46a2-b1be-d04749f233e4,3c28a3af-9964-45e9-a8ac-310344949640,ca099019-4726-4c6c-8503-95cca3af6096,
c2992b73-2cee-48b8-8c18-a44d1c5cd2ec,3c28a3af-9964-45e9-a8ac-310344949640,eb51e91f-58da-45b1-af6d-d65a8454c83a,
7c2be4b3-42ca-4d0a-9e02-0541adbf0702,3c28a3af-9964-45e9-a8ac-310344949640,f589a34e-cfa7-4fca-a1fa-72dcc6a35bdd,
e00f825f-790b-401b-bb3a-334f0687e37b,3c28a3af-9964-45e9-a8ac-310344949640,fd144e72-e2df-4089-bacf-b51404bc9707,
f573f715-4340-45d4-9e36-e5760e76504c,4661e61d-6df4-4fef-b9c8-1b82c98945ac,021155fc-3b12-4e87-8de4-3a4e565fa2b8,
28d02ccf-964f-48d6-8782-f67f65b9c8b6,4661e61d-6df4-4fef-b9c8-1b82c98945ac,2522a2fb-b378-4d32-ab77-7e70fdcdd5b6,
a3cc4ca1-35e2-4ed7-9d45-a89614227fe2,4661e61d-6df4-4fef-b9c8-1b82c98945ac,25d66fb9-88e7-4303-8ec5-03ab3724b7b7,
60a26c7c-edb4-4ebf-aa45-a3866f4c5a10,4661e61d-6df4-4fef-b9c8-1b82c98945ac,2e6ed673-2c7e-4a69-b5e3-83676548c699,
a0d851aa-8b1d-4fe8-8745-64bac9a1e7db,4661e61d-6df4-4fef-b9c8-1b82c98945ac,3010773c-cce2-4dae-a0e0-d3fb97ad1190,
c771205f-2749-4b7c-8fd2-addcb1896024,4661e61d-6df4-4fef-b9c8-1b82c98945ac,42f4d06b-b184-46b6-9d9d-22a107b40f74,
d41d0741-3425-4314-8650-cd2cc8d55ce5,4661e61d-6df4-4fef-b9c8-1b82c98945ac,491d4be2-214e-435b-b1a5-c22040a3be13,
5d2e1809-e033-4174-bb38-a7332c3859db,4661e61d-6df4-4fef-b9c8-1b82c98945ac,4c0d4df4-622c-4076-8e49-f23cd07cd193,
02053acc-cf29-43e9-a9a1-f639a57bda18,4661e61d-6df4-4fef-b9c8-1b82c98945ac,5a3bf9a3-3385-4813-8275-fc5d6c1a53af,
cfe7f2eb-8987-452d-a7cc-c495d3ff0510,4661e61d-6df4-4fef-b9c8-1b82c98945ac,5dabb0a8-138b-46f8-9aa7-e4fefca84240,
d984204d-fe0d-48b0-beb8-13dd2e4f85c0,4661e61d-6df4-4fef-b9c8-1b82c98945ac,68e31c62-c484-4fcf-b040-9d3aa29a28fe,
b2293b33-d46a-44db-b75f-d9996a243ae1,4661e61d-6df4-4fef-b9c8-1b82c98945ac,73e40b77-4466-450d-bd93-5164983dca3d,
5e65b11e-fa56-4632-b04b-98c23f601b4e,4661e61d-6df4-4fef-b9c8-1b82c98945ac,7a7a9fe4-3a3f-473f-bcb8-e612b1e15790,
27972e55-2f05-47e3-95f0-656504bfe4f3,4661e61d-6df4-4fef-b9c8-1b82c98945ac,7ac1b6a1-5a00-4093-95d2-9f700664b0a9,
2f4c3a6a-e363-4cf5-b303-6f412572237a,4661e61d-6df4-4fef-b9c8-1b82c98945ac,7c96ec8b-c1dd-45d1-a035-1e551fd35bbf,
589de175-c538-491f-9a67-c449f301cd4b,4661e61d-6df4-4fef-b9c8-1b82c98945ac,7d0b0be4-cf04-4fda-9c04-06663953a227,
f9f66962-c27a-4ef1-ad03-4a983b773b3c,4661e61d-6df4-4fef-b9c8-1b82c98945ac,7f4ec385-1d23-4839-a555-a8e72478a933,
f5d228ec-14d2-4c41-af6f-83981b292300,4661e61d-6df4-4fef-b9c8-1b82c98945ac,898bef18-c7ef-4d54-be86-aced44fb36b9,
94fb770d-8051-46f8-8149-cd038a76c571,4661e61d-6df4-4fef-b9c8-1b82c98945ac,9a7a35d8-2114-45a4-8d20-82f0f7ece9b6,
cd012137-e089-4f1d-8688-f79a71c13cf5,4661e61d-6df4-4fef-b9c8-1b82c98945ac,a302f095-4595-469e-a8bf-eda836dacae1,
66537e4c-e663-4d50-b3d6-e08aaf5b5f46,4661e61d-6df4-4fef-b9c8-1b82c98945ac,ab128bfc-a3ba-4018-b59b-bb20a3efceb7,
99724982-6c9a-4481-a0eb-4b9de9e54e4e,4661e61d-6df4-4fef-b9c8-1b82c98945ac,aeea4e82-4c54-4486-8d9f-5d740163e315,
5d211b17-b788-49be-b954-d1cbe6c2c2c7,4661e61d-6df4-4fef-b9c8-1b82c98945ac,b07edbe3-4ddf-4b7b-ba74-9939aa00fd1a,
7185586c-c208-4158-8c41-3230ec9e4729,4661e61d-6df4-4fef-b9c8-1b82c98945ac,b1c13708-ef4d-4d83-83fe-1b8af8901e1d,
8170ba8e-7260-4bd3-ab3a-1cf941597a1a,4661e61d-6df4-4fef-b9c8-1b82c98945ac,bbc0d4c5-29d2-43f8-a14e-2381999850be,
be4e866e-a0dd-4290-92e6-f5583fc6a942,4661e61d-6df4-4fef-b9c8-1b82c98945ac,c61b089b-99d1-4b46-86dc-625ba0782443,
f6f2b61e-2f1b-4ea1-903c-2a1d700e03e5,4661e61d-6df4-4fef-b9c8-1b82c98945ac,ccf39790-2f06-435a-967a-f7e15aed84bd,
9c1b7b67-776e-4b3e-a0da-a83a82559a7e,4661e61d-6df4-4fef-b9c8-1b82c98945ac,cf3df992-1633-490b-bd03-1ee3acde3e14,
c41d0d27-66db-40f1-aa9c-5c1966bf2269,4661e61d-6df4-4fef-b9c8-1b82c98945ac,d9428478-058f-474a-b6bc-cbeab678b658,
cf6fe236-9cfe-4720-8e8f-80b9139d4228,4661e61d-6df4-4fef-b9c8-1b82c98945ac,d955c94d-8c00-4dcd-9af5-070a5289046a,
e33e8ac6-4af7-45ac-9d54-542bf5b4769d,4661e61d-6df4-4fef-b9c8-1b82c98945ac,dc9b952e-c25e-4ede-a233-1f10d352f834,
43fc2138-7caf-42f3-ad0c-f44bd8722094,4661e61d-6df4-4fef-b9c8-1b82c98945ac,ef3217ee-32e7-406c-8294-8dbc4d77c528,
c5785a93-28cc-4ba1-b1e6-2f5298a348e9,4661e61d-6df4-4fef-b9c8-1b82c98945ac,ff7c781d-c411-4c16-bdd3-87f545b017e5,
73778556-ef27-4bcd-955f-90df824c02d4,46c17728-ac18-4b03-aa51-c1188c666363,00289687-fde9-41d8-b9b9-72c91541eac5,
90642b15-e33b-4386-82d7-001da6c22545,46c17728-ac18-4b03-aa51-c1188c666363,006d08c7-c086-48e8-a2cb-1e450fb8b5f3,
8a31b33e-0bfd-4fd1-a105-2a5940a6096b,46c17728-ac18-4b03-aa51-c1188c666363,010725ae-0aa4-43ae-bcf2-56f6c041be06,
496de477-28c5-4d56-adb5-e28a2fda94b7,46c17728-ac18-4b03-aa51-c1188c666363,04ac8f7f-6679-4bd2-b86b-10fb490b165a,
927fe4e1-5a25-4f42-80b2-860a198d5a59,46c17728-ac18-4b03-aa51-c1188c666363,058719fb-6b38-4d1a-b67c-ca77bb48791a,
336ae937-c40d-4c96-aad0-0abde00ed9b8,46c17728-ac18-4b03-aa51-c1188c666363,0a5499b5-eec4-498e-adf2-a0c36820ff4b,
ab1042be-2a2d-43ee-a5da-8560a668ceee,46c17728-ac18-4b03-aa51-c1188c666363,0fb04ea3-0977-4bda-94e8-cb39c62d9b97,
4c99a66f-f153-4efe-8a32-a62bc45735b2,46c17728-ac18-4b03-aa51-c1188c666363,0fe76b53-c82c-4ad3-8276-0b407e3289a6,
de036525-212b-4ced-bc97-c99c23880285,46c17728-ac18-4b03-aa51-c1188c666363,104d8357-76f2-48a0-9f1b-2e8bf839e8b4,
568faf38-f114-41c6-a01a-d6bb54304980,46c17728-ac18-4b03-aa51-c1188c666363,12c91aa8-0c35-44c5-8529-c675b98244e8,
31175f5b-26d6-4c5b-9bda-ddcec79431e9,46c17728-ac18-4b03-aa51-c1188c666363,1431f56a-0a17-4d9e-8c83-771c8106baa1,
bd10c396-aa6f-403a-8373-1c394fb5a41e,46c17728-ac18-4b03-aa51-c1188c666363,15f5dab6-a768-4f9b-bd3d-1cedf825fe20,
0074cbfa-91c7-4780-b2a0-890a76a59678,46c17728-ac18-4b03-aa51-c1188c666363,16265256-bf5e-4af7-98e3-09082d224b72,
363ab0ba-f2d2-4578-ae24-0ef04e589430,46c17728-ac18-4b03-aa51-c1188c666363,1ab40f89-370a-46ba-97c1-f999e0966c84,
18c0b974-255c-433b-99e7-c8f60f40a8fe,46c17728-ac18-4b03-aa51-c1188c666363,1ac63446-605b-40d8-af6b-3861c3bf9015,
81496415-162e-4733-9e27-4a93e4ae5f02,46c17728-ac18-4b03-aa51-c1188c666363,1aeadc5a-29da-45c0-aa26-4c1cb4be0f1e,
dec9f8fa-06a9-4cdb-af4a-0491515d6798,46c17728-ac18-4b03-aa51-c1188c666363,1b921342-3309-45db-bbbe-066989381759,
6d58dd7a-3463-4fed-a658-938aae3d8d1b,46c17728-ac18-4b03-aa51-c1188c666363,1d727a28-10ea-465a-bf6e-b8d5f51d951e,
8bba9396-26d5-490d-8574-b5dd5b7a6889,46c17728-ac18-4b03-aa51-c1188c666363,1f248fc5-2ce7-40b7-bbc5-ee63cae401fa,
2a217557-a4c0-4954-abd0-00e9ea7058a0,46c17728-ac18-4b03-aa51-c1188c666363,1fb1b2d3-507a-4daa-8671-33e355047522,
ecdb1cda-a96b-44f9-9dd7-78ac9aef99b4,46c17728-ac18-4b03-aa51-c1188c666363,224f7689-608c-4132-94a1-38c4ff4c5997,
54117fe3-67cd-49b2-848b-76e0c9ba4cef,46c17728-ac18-4b03-aa51-c1188c666363,2257bcf5-6c72-44f8-be2b-338d75094dba,
bd955541-bfb3-4185-a684-04123bc0a5a1,46c17728-ac18-4b03-aa51-c1188c666363,241f802c-a08e-40aa-93af-bea76973cdab,
603350c3-f491-472d-a03c-aab3445ebbe9,46c17728-ac18-4b03-aa51-c1188c666363,2580d8c2-859d-4f38-9c9e-ee181e1976bb,
e1a27528-a65d-4e0c-9393-dcc7eaab7830,46c17728-ac18-4b03-aa51-c1188c666363,26b1b34f-8e7e-4326-999a-a527b867c99b,
3207b19e-dd74-490c-b6ca-944b73f2e872,46c17728-ac18-4b03-aa51-c1188c666363,2b9b38c9-d260-4ff5-bd6f-c6b0d179f418,
bb79e7ca-9159-4b8f-9bc2-8638afe0db17,46c17728-ac18-4b03-aa51-c1188c666363,30afb9ac-1bfc-41dc-a9b8-53ef481f45c0,
807abfea-e00f-40d5-a4ef-e7baf9a49006,46c17728-ac18-4b03-aa51-c1188c666363,31842118-1030-43e2-9448-4c151867956b,
23eba9e6-27f0-4dbc-83c3-1cafe5394700,46c17728-ac18-4b03-aa51-c1188c666363,348d9e68-1675-4371-acf6-c8ec457fa9bf,
905575e7-5e66-4061-a3a0-8fad488f371c,46c17728-ac18-4b03-aa51-c1188c666363,353179b5-7687-45e2-ba5b-89883a88226e,
65cf62a7-d891-4b60-b001-aa9a8b597f48,46c17728-ac18-4b03-aa51-c1188c666363,357ccf08-eaf5-4fd3-a520-d5b05557cd48,
c1554421-71bb-486c-a9ab-0251094b2b44,46c17728-ac18-4b03-aa51-c1188c666363,390aef6a-59dd-4807-b515-17257c8f09b1,
b0c6f136-85e9-486a-bf39-87b11dcf10dd,46c17728-ac18-4b03-aa51-c1188c666363,3c3476ea-2e2f-4787-a9e6-b913309c9993,
783d1c82-8df5-4b56-8253-3b0b6c3f7b1d,46c17728-ac18-4b03-aa51-c1188c666363,3edf43a0-4a92-40ab-a9d7-0785f695f36b,
d1d338c5-19ae-44d8-8f5a-9e3b86b8bf17,46c17728-ac18-4b03-aa51-c1188c666363,3f6c8aea-80b4-4f82-ab9e-65082638fb25,
1252a596-cc80-4729-839a-0f55604e5afc,46c17728-ac18-4b03-aa51-c1188c666363,433aaf30-8db4-40e3-b325-306464659117,
19a0ba95-78cb-4414-92aa-84fcdea7f468,46c17728-ac18-4b03-aa51-c1188c666363,43d873cd-5f73-4c4d-b6b7-ceaa64637457,
33e7d354-c036-4134-b362-ffc24f44890e,46c17728-ac18-4b03-aa51-c1188c666363,44f6cdd1-660c-46d2-884f-2b7a69a43c43,
1db152b0-c703-4c87-aa3c-98d1c96289a9,46c17728-ac18-4b03-aa51-c1188c666363,476f73ca-1757-438e-bda6-97191c5586df,
5fe56599-a9be-413e-88c8-14043dcbaf11,46c17728-ac18-4b03-aa51-c1188c666363,4ca21faf-74bc-47f0-a26b-d2c0537d2130,
70518b08-1d6f-4649-92b1-e4dd3a59106a,46c17728-ac18-4b03-aa51-c1188c666363,4f8f1dde-b6e8-4807-bb16-4db5cd9efb87,
0719162a-af3f-43de-b42b-f463aec0bd67,46c17728-ac18-4b03-aa51-c1188c666363,53c8170c-d682-495b-81c3-bc0202509613,
7e36c6e4-0cef-4d67-931f-91513df6e838,46c17728-ac18-4b03-aa51-c1188c666363,5535b032-5c9a-428f-9c19-4c849becd5fe,
cb7da0f8-3be3-4b67-b066-9fba77cd2b57,46c17728-ac18-4b03-aa51-c1188c666363,55f42d2b-9513-4fd9-a025-a3b9fbd39256,
ef43700a-ed28-4497-898c-f297e7ba2638,46c17728-ac18-4b03-aa51-c1188c666363,59abe623-e65f-4e97-987a-5a0bfd51c7bc,
3348052f-c5ec-46a1-96a1-7e557a2bb6a0,46c17728-ac18-4b03-aa51-c1188c666363,5b081b97-6ae0-4b99-94af-133788a01b07,
0e66b0ca-ea41-4723-9a34-e9259bf13deb,46c17728-ac18-4b03-aa51-c1188c666363,5b618fc8-8e48-4ab0-9bad-79b30e1ecf39,
784344f3-0dba-498f-8a2f-6ee6b91bfee3,46c17728-ac18-4b03-aa51-c1188c666363,5d2d8444-e5b3-41c8-a145-abd22ad48af0,
b4181fe6-608f-49cc-b73e-704276455d48,46c17728-ac18-4b03-aa51-c1188c666363,617aae2c-ee1e-4383-94ac-37e4b75730f6,
7bf3f6dc-ae81-4a66-a7f7-ce3d8aec85d9,46c17728-ac18-4b03-aa51-c1188c666363,61d41891-8af1-4b51-a575-cef2a490fa7f,
d0bf72fd-b0c2-40d2-b992-4266667912f1,46c17728-ac18-4b03-aa51-c1188c666363,63b75e18-06f5-4b3f-85c4-6a12bc1b85c8,
93984b5f-e203-4b33-80b6-c5f1ceb7d259,46c17728-ac18-4b03-aa51-c1188c666363,69d0bb78-2256-4cea-ae42-8c177792281e,
9433292d-6d9d-4f19-a470-5e418d195c4c,46c17728-ac18-4b03-aa51-c1188c666363,70d5d5e5-e037-404e-88f2-f27d67ff0a50,
72c900ee-ce13-4b00-b72b-6d1674ad8339,46c17728-ac18-4b03-aa51-c1188c666363,7204f3b3-efb3-499f-bbdd-18a0ca691529,
1c586680-6685-42d0-8467-30be1664b500,46c17728-ac18-4b03-aa51-c1188c666363,72241ffc-8028-4d86-bc67-89a7e6afa02c,
e592da75-0298-4d30-b31e-ca3c44b1f9b9,46c17728-ac18-4b03-aa51-c1188c666363,764694f8-942a-45ef-b71c-79339a1489ec,
d27ee009-b567-4bce-8812-90d814c65612,46c17728-ac18-4b03-aa51-c1188c666363,7752ede1-9c89-4623-831d-6c8ecdbd7952,
ba63eaf7-c134-44a0-953e-05e86ada3f3a,46c17728-ac18-4b03-aa51-c1188c666363,777fc26a-92bf-4a7f-8624-83e63a6a3e86,
a61edd76-5da5-4ce9-bf30-1d16e9a4e321,46c17728-ac18-4b03-aa51-c1188c666363,79586291-6afe-4c45-81a4-b5a1e553bcc8,
989a2cc5-e0db-402d-9457-cfbb4ee9b710,46c17728-ac18-4b03-aa51-c1188c666363,7ad03c15-6020-4424-8d30-a0c013ed6cf7,
cbbf6505-3617-4a94-885f-e6a1e332e380,46c17728-ac18-4b03-aa51-c1188c666363,7ce6d2ff-cae7-4abf-ba6d-e62f01ff04ef,
e7c6e302-1b55-4e10-80f6-43a624fb96bf,46c17728-ac18-4b03-aa51-c1188c666363,7d18a7a1-6d85-4dca-b2b0-587dd377615e,
e89eab47-d75d-43f7-acd2-e7b6b9950f49,46c17728-ac18-4b03-aa51-c1188c666363,7ef057b6-a0a4-48f2-96de-9234a081c5eb,
57e5083a-0d1d-4b2d-b3a4-45ad1e52f4f8,46c17728-ac18-4b03-aa51-c1188c666363,7f1279a0-84b4-4f33-9a97-a875674a94e4,
de74be23-6158-48d9-ad0c-f59ba0c3e6be,46c17728-ac18-4b03-aa51-c1188c666363,7f469c34-fbfd-4cb4-be1a-33ff53bf0b3c,
aa6bf3fa-ed27-4fc2-b1ac-9b4b05db9095,46c17728-ac18-4b03-aa51-c1188c666363,7f97f0cc-ecc3-4645-809c-8244d8088709,
af3881ad-6884-4caf-92d8-433b58b80f96,46c17728-ac18-4b03-aa51-c1188c666363,84cb5ed3-61f8-4971-87f0-fc1706d7afdb,
246da314-97f2-44c9-b0c2-33d2cd6f1c2d,46c17728-ac18-4b03-aa51-c1188c666363,88054582-d31b-46e5-a2bc-63171b4b7dc6,
bbf7c9ee-3597-436a-aa20-5a803ff043c1,46c17728-ac18-4b03-aa51-c1188c666363,883fb446-dcef-4052-a22c-156fc1559b1b,
0c697be4-6196-4506-bc4e-d379ffb96a98,46c17728-ac18-4b03-aa51-c1188c666363,88c54dcb-cb45-4a48-a23b-2ec10a2cbd9c,
363725e5-b28b-473a-b0c7-3c27ce386210,46c17728-ac18-4b03-aa51-c1188c666363,905d125a-20a0-4c39-b882-c15fb202dc79,
75f518ba-b988-4d63-b1e2-3a88b0243a8a,46c17728-ac18-4b03-aa51-c1188c666363,922cbc5c-2509-4f8f-abf0-9fb674656b20,
138470fa-5d4d-48b2-8a98-24cf6fa2606f,46c17728-ac18-4b03-aa51-c1188c666363,94bef2b5-7603-45d9-8e75-15a8e855f9fb,
b88b5688-1d59-4332-8daa-8afcf866c975,46c17728-ac18-4b03-aa51-c1188c666363,954e0543-72a1-4ece-a1c7-7f66386f5e71,
050d637b-0d80-4292-b4c5-235f3b6dffdd,46c17728-ac18-4b03-aa51-c1188c666363,9672e728-ce9e-4ac4-b5c1-659a234d582e,
1d02dcdb-efcc-4fb6-bfb7-aa810caec87a,46c17728-ac18-4b03-aa51-c1188c666363,9ba9847e-1a04-4d42-8968-cf4d997b0730,
0ede6432-fd55-4295-8822-e951fd9da0a3,46c17728-ac18-4b03-aa51-c1188c666363,9ba99172-64f4-41ff-a6fd-fd71a4c940ca,
44877ee5-4f6e-419b-9139-984968b98bf7,46c17728-ac18-4b03-aa51-c1188c666363,9c810316-5ff6-49a1-9ebb-6318595040f2,
b69a6f65-89c2-4042-ba92-065faabdaa8b,46c17728-ac18-4b03-aa51-c1188c666363,9dc99ebe-df2a-4fed-a0d6-2f428bc2c95c,
f3356920-4304-484e-a44f-e1f71dfceab9,46c17728-ac18-4b03-aa51-c1188c666363,9e854f6c-0aad-49c8-baf3-7c802f2d0ff1,
7d49a387-1391-4017-9dcc-8e9d87ee4513,46c17728-ac18-4b03-aa51-c1188c666363,a13a96dd-4b39-4fc4-bb69-5e715ba7f60b,
0ad6f831-cef3-4391-9eea-7037920dd48c,46c17728-ac18-4b03-aa51-c1188c666363,a1b6076c-90fc-4f00-b95b-aafa80851385,
f32d2b33-d520-41fd-a47f-b66f6fe44981,46c17728-ac18-4b03-aa51-c1188c666363,a5e6c05d-b28b-47aa-8adf-76bc6145ad70,
ea571fed-532c-4a15-89ea-66285c07688c,46c17728-ac18-4b03-aa51-c1188c666363,a75e9c81-bcd7-490f-837a-2fb9d4e40688,
5dbdcb0d-ac96-4ff6-9430-fb63e1364c09,46c17728-ac18-4b03-aa51-c1188c666363,aad700f3-7b55-4cb7-a122-006937927b1f,
f0926b32-b3ba-41b0-8f54-f59978da3eb8,46c17728-ac18-4b03-aa51-c1188c666363,ab78fcf0-ec27-4fa3-be28-6d04138920fa,
51507fed-53fc-485a-bf86-4b4eab0c9e2f,46c17728-ac18-4b03-aa51-c1188c666363,b0a0c680-5428-43fc-b90f-3b4d9dca402c,
e0080cfc-9390-4546-ad42-7255d20b3915,46c17728-ac18-4b03-aa51-c1188c666363,b0f54577-4fd3-47dc-a357-61e891d0b02c,
c9387099-dd16-4919-863f-beb58940f2e1,46c17728-ac18-4b03-aa51-c1188c666363,b32c17f6-252d-4fe8-a1b1-11ff48d06479,
918c35c8-fb25-437c-b253-13c3d2c10ce2,46c17728-ac18-4b03-aa51-c1188c666363,b5479508-cab8-4bf1-8c14-30c5bb5123d5,
5da1994a-8508-44ec-b07e-a7b5f1491734,46c17728-ac18-4b03-aa51-c1188c666363,b6262e3c-7a38-484c-8e19-086f1f74585a,
338fe844-8370-458f-ad3d-f47260151bcd,46c17728-ac18-4b03-aa51-c1188c666363,b8f8b44c-2e04-4458-be66-dd9ad1fdb8c0,
584ce909-fee2-428b-a25e-6c5b9c36386e,46c17728-ac18-4b03-aa51-c1188c666363,baf856ce-18be-4520-ac8b-b6faec525426,
7ae01f58-741b-470e-bd08-50da67ea2106,46c17728-ac18-4b03-aa51-c1188c666363,bcb925cd-9be9-44d1-89df-bc2f81258384,
d84512f9-aa53-4b86-97d2-4e91751c033a,46c17728-ac18-4b03-aa51-c1188c666363,bcc2b163-627b-4d73-8867-ce31162eef60,
73fa1fa9-94cc-49e3-bdfa-6f766e15e6b1,46c17728-ac18-4b03-aa51-c1188c666363,c259b1a8-4f39-4739-b7a9-4642d9360502,
200e6840-33e6-4141-99b2-3e0d3f57938f,46c17728-ac18-4b03-aa51-c1188c666363,c723090c-addb-432a-8b18-5c1c9c376305,
a636926e-5da7-4bfb-99e2-9a05211481c8,46c17728-ac18-4b03-aa51-c1188c666363,cb95e838-8e7e-45a8-97bc-da706ad8408b,
07a51c53-1486-4a33-80ba-ccd7145b3488,46c17728-ac18-4b03-aa51-c1188c666363,ccd46a9e-5311-4e42-8b15-37d5fb7074f3,
bdab3b03-9534-41ae-8a15-dc0adc437f63,46c17728-ac18-4b03-aa51-c1188c666363,cfef104e-88b5-4d88-8be9-fcd99d1c9a8b,
c857595a-315f-4c45-947b-549f450a36dc,46c17728-ac18-4b03-aa51-c1188c666363,d2752587-3d86-47b5-81a9-9bbac9a42f4e,
348bcd00-02f6-4be0-ab25-008037b37029,46c17728-ac18-4b03-aa51-c1188c666363,d330fead-916b-4bf4-a5c1-8e74ea53c7c8,
932a97c9-e814-48de-8d8c-a270197b3821,46c17728-ac18-4b03-aa51-c1188c666363,d45d885b-ff49-4f0c-bd58-506583297e91,
9a0b79a0-1b14-4f6c-8387-f4fcc6f6b8b6,46c17728-ac18-4b03-aa51-c1188c666363,d6ce9835-b545-4300-9736-2d4ae118fdbd,
5608a93b-3ccf-433c-b819-9b06c3947c6b,46c17728-ac18-4b03-aa51-c1188c666363,dab3ac8f-e60a-4f85-a9a5-1e55282aa78e,
9874febb-0576-4406-bcf3-9bd1b99b71a5,46c17728-ac18-4b03-aa51-c1188c666363,e16aac70-e28c-4487-8f1e-e23c09365174,
fb7e7fbc-bd82-4311-8cc8-b111204a9a8c,46c17728-ac18-4b03-aa51-c1188c666363,e1b186a4-e4cf-44c3-ab9b-5d1ba99d57e6,
cf180e9f-e134-4a8b-8ef5-96998ea41c75,46c17728-ac18-4b03-aa51-c1188c666363,e34327c6-cd38-4ec3-ab07-d4710749bcfb,
a10b0c49-cdc4-4830-983d-113df1e515b6,46c17728-ac18-4b03-aa51-c1188c666363,e3f76f9d-3a72-4ebc-b6e9-6e0813c2bcd0,
042b7e95-3cf4-4067-9110-43953deed547,46c17728-ac18-4b03-aa51-c1188c666363,e410cba0-92e4-415c-a636-21ab3d6f8788,
e37f7f5a-23be-4505-8cc2-bac0aee8e8ba,46c17728-ac18-4b03-aa51-c1188c666363,ea9d5264-9699-4068-adfa-eccd36137e44,
e10ee449-138e-47f8-9062-820b7e822184,46c17728-ac18-4b03-aa51-c1188c666363,ef71eebe-13c1-4bd5-bf2b-7a33ee8d7888,
bd1ecc0f-dfb8-4a4b-9d09-1da905647495,46c17728-ac18-4b03-aa51-c1188c666363,f0a3f665-81da-42d1-8a8c-6c945cf4524d,
c761a5f0-4ba9-48b3-a914-0cd022b3c206,46c17728-ac18-4b03-aa51-c1188c666363,f2faac93-47c3-4435-be89-b2b0e032be13,
140004b3-4506-4c6d-9d42-4b35bdf5329d,46c17728-ac18-4b03-aa51-c1188c666363,f43943fc-5af7-4163-a569-eb5979f957d6,
24d0ae78-add9-497b-b20f-1e4626d4e5e3,46c17728-ac18-4b03-aa51-c1188c666363,f4f365ff-9239-4b4a-8931-f5f7a3979e1e,
fc63a9ee-d639-4bf8-98ca-1a7eccdcbeb3,46c17728-ac18-4b03-aa51-c1188c666363,f792f275-5390-40c6-aed7-6ad7e356f806,
a33bb7cc-56fb-4eab-abbb-e1811446da50,46c17728-ac18-4b03-aa51-c1188c666363,f9e03fca-a909-4c05-8596-c6187060144a,
9828ee4e-ea65-40e6-bc9a-0180b792fbda,54273599-fb1f-4f98-9637-0f0ba22c4dac,,bef2d49b-d0a9-4ad9-b41f-f43e07825e88
a20f98fb-8daa-4050-8afa-ed2a9232bb4d,5e27f5ed-dda1-4d88-9721-e719912e242c,06acf865-9488-43f5-86f1-790b461ce683,
ec5e302f-1574-4857-bf1f-e035238cd3ff,5e27f5ed-dda1-4d88-9721-e719912e242c,ec4c19d6-d104-48d4-841c-e03e08ad0e06,
c33768f6-57fd-407c-8534-87f06aa0ae0d,5e40e9df-fc55-4b9c-9495-e4e7f4aa7fdb,,4d7db818-7c08-4e25-8ed3-1ffc52a3d9eb
814bce48-beaa-4ef3-bc54-64b3aefce7e9,5f0d5013-16df-421b-bd43-4281bf8f5b0b,0c74c84a-7b30-44f9-84f2-9147c70f958d,
62196794-660c-4623-bce5-9f58b025f89e,5f0d5013-16df-421b-bd43-4281bf8f5b0b,0eb9fc9f-b7f9-4896-9dd6-991e8b50954e,
059cb888-3b84-487f-a1eb-bf6fd7446ca2,5f0d5013-16df-421b-bd43-4281bf8f5b0b,2dda1b37-2207-458f-99aa-b236e9d3bc0b,
375d08bf-8f7d-4361-8fd6-01608093bba2,5f0d5013-16df-421b-bd43-4281bf8f5b0b,42fa24de-52c3-4d23-a92d-7c07744215bd,
8ee64470-7f12-4a15-ae40-ad435cbd562a,5f0d5013-16df-421b-bd43-4281bf8f5b0b,48ac4a49-e34e-4eeb-88be-ebe95204b019,
789ef7ec-8b42-48b6-b282-09efcfe798b4,5f0d5013-16df-421b-bd43-4281bf8f5b0b,53bfce9e-5346-4deb-9380-d85cc88eaf9b,
58cba36f-ea39-4e85-a60c-37203d2a9d7e,5f0d5013-16df-421b-bd43-4281bf8f5b0b,5eeb6bdf-e887-45c3-9a28-5c95d09b85ed,
3e2aca5c-10d3-40b8-8da4-a0645f967dda,5f0d5013-16df-421b-bd43-4281bf8f5b0b,75006376-1840-44d7-989c-22cd9ca427b9,
df55703e-1947-4c4e-91f0-21871249a5a2,5f0d5013-16df-421b-bd43-4281bf8f5b0b,78d69d74-ee57-45ea-b079-5131491e1d0b,
29ba95a3-fac4-4ab6-8b0d-c03c76d268fc,5f0d5013-16df-421b-bd43-4281bf8f5b0b,cad8d816-af0e-4980-93b2-d394a2b8c2a4,
0adaaeb2-be0a-4d26-92eb-52c18d46619e,5f0d5013-16df-421b-bd43-4281bf8f5b0b,ec814e25-a503-42b6-a45e-f68c70a34c88,
0531483f-1526-434e-83ab-9ae0fddfeef7,65055685-5499-4691-b3a8-7c8d9617c59a,0547764d-fc4a-4d31-bba9-7034bb65ec0f,
8f16486b-80df-417f-8e6a-0b501430d851,65055685-5499-4691-b3a8-7c8d9617c59a,a8b6c166-8a75-4fa9-bfac-ff5d65cb505c,
5c2f086a-ca0e-4d73-b8d4-d077b50bbf78,65055685-5499-4691-b3a8-7c8d9617c59a,b4e6004d-eb10-40c6-a904-ebcdbcae707f,
7bd29c44-281e-49e8-a035-4cf0625dd63b,6ac23b1e-dddb-48bf-a0eb-059861df1e47,83d605c4-f40e-471d-8a1a-e33559c1b2a5,
a1983f36-49f7-47ca-8efe-80ae5c917e2c,6c7b23e7-1c12-4ae3-b97d-9c5489e9c56e,2993bfe6-c999-41ae-bc72-000f5442e2e0,
5bf4db89-709c-4479-b370-5ad50daeffd3,6c7b23e7-1c12-4ae3-b97d-9c5489e9c56e,385f600c-bcf3-4ac9-89ae-4e55361c1dd7,
794eef0c-570b-42cd-a97f-c649e6bd98d7,6c7b23e7-1c12-4ae3-b97d-9c5489e9c56e,49debf6c-07cb-4a18-a591-219ff48d6e22,
23cc3a27-09dc-4b6d-938d-929fb850d211,6c7b23e7-1c12-4ae3-b97d-9c5489e9c56e,4ff62998-16a2-4963-a833-b99d27aed477,
f4c6095b-b5c7-4b2c-a82d-a2a810ea77f3,6c7b23e7-1c12-4ae3-b97d-9c5489e9c56e,918c0cfe-a7a4-4c27-b679-86d32b81f06b,
38cacae6-7743-4383-8fe8-fd47df26c76a,6f552d70-133d-42a7-9799-5f474c0476be,8e9a1250-f926-41c0-b07c-288d49d357a3,
69a44951-f23d-46d1-a599-8e4f612609f2,6f552d70-133d-42a7-9799-5f474c0476be,b24330f6-4a93-4b3f-be15-f352bd0f2bb8,
e5a0b7ba-7daa-451d-89f5-9c0c4ed127da,6f552d70-133d-42a7-9799-5f474c0476be,cd171a89-84c6-4a3d-8490-3755968ac25c,
eac76b03-109a-4b18-986c-37a31ed96de3,7ee6f8c4-dfa4-4442-8c6d-ffafc8e1e0c8,3ed57efb-b599-42cf-a2a4-52958cd2568c,
874189c8-d70d-48d0-bf43-20111180c39d,86baa72a-800a-4ffe-9cc4-dd254c2419e2,,2b5ee360-a8f8-40cb-8502-450d897b8fb6
01422a43-83b3-445b-b1cf-8694ea4d4085,8715883e-11f8-4548-a57c-329787233068,670f8b9d-5fe0-40ae-9d10-c50c1681f892,
00045682-2240-4a6c-a6c1-bf2b494e563d,8715883e-11f8-4548-a57c-329787233068,7139f843-6d4c-4248-a496-1526140ae39e,
c079d53e-6b8e-43c8-894b-b56bd4ee577e,8c8aa3ef-d235-41c2-baf9-82215f8a34d4,04a31c97-4869-41e9-9bc0-39146641b7e6,
461c27e7-6796-4c14-9241-0c76b41cb80e,8c8aa3ef-d235-41c2-baf9-82215f8a34d4,0df93b26-a3d2-41dc-9408-4d06d9275b10,
58962755-d7f2-402f-90ff-fe0d7a43939f,8c8aa3ef-d235-41c2-baf9-82215f8a34d4,13044498-c2d8-45c7-9187-7e50a87f6fb1,
00044256-daf7-4250-adbd-c2aaa749002a,8c8aa3ef-d235-41c2-baf9-82215f8a34d4,158124fa-bdbd-45e1-829b-4c4d945a2ca0,
92e37518-e96b-4a01-9ee1-fc588ac982a8,8c8aa3ef-d235-41c2-baf9-82215f8a34d4,d43f4298-f71d-45ca-94cb-815a1ce0f4d7,
70d9fa41-25b6-4437-8022-40c3aa25baed,a2c91ac1-ae5f-4e8d-b35f-f6a059e80ab0,61bd2f41-65d5-4f5c-9458-49a0721838ac,
d4ef6cda-9218-4d29-bc8f-4a7a12d6e0f9,a2c91ac1-ae5f-4e8d-b35f-f6a059e80ab0,e7b4ddb0-c0c6-4fb1-9fae-0921e129413b,
7fc17a00-4307-47c8-b5d2-b42eb58735ea,a2dd0766-a237-4d1a-bbe6-3248d8584253,09a2d3b4-0d65-49f2-bcee-c9f8eb73d8bf,
ae54cec5-c461-430f-84b8-c46626bb11e0,a2dd0766-a237-4d1a-bbe6-3248d8584253,613a0a9d-4791-416f-8cfe-dde599357b63,
3dd4c5ce-f11d-498e-a2ad-f569170ff89b,a2dd0766-a237-4d1a-bbe6-3248d8584253,bdeafa7a-610e-4e90-a09e-5dc75b4a656b,
8351c992-fe6d-4e81-b9b8-de6b35d89941,a60e0e45-2178-46b2-9b1f-f57a68684ead,18d46c6b-cab8-48be-acfd-c288cd0965e5,
066cf021-b0ce-469a-addf-1a4acb3768d7,a60e0e45-2178-46b2-9b1f-f57a68684ead,82246282-7c53-4d15-a501-39891819d11c,
359e8d7f-fd95-46ae-89f8-0c3a2a6a488c,b4ab8921-be4c-40bb-b59f-ae4008377aaf,08ac98dc-2c25-4119-a77a-b5105c66eeaf,
91b4a869-5999-42f5-8979-e2a3808f3938,b4ab8921-be4c-40bb-b59f-ae4008377aaf,0a7e9f91-4a6e-4e0d-adcc-e68c59842d06,
fba75885-9b34-4e2f-afca-352e82452c5f,b4ab8921-be4c-40bb-b59f-ae4008377aaf,0d58ddc5-3a31-45f8-bab9-6dd5daef2b29,
90b49522-84c4-44b0-ab0e-2ffa5b6e5328,b4ab8921-be4c-40bb-b59f-ae4008377aaf,0eb45ad1-d7bd-4260-bb41-c0d88d4ace2a,
b8ffda41-26ed-4509-a089-003c40655a15,b4ab8921-be4c-40bb-b59f-ae4008377aaf,144722dd-5b6a-45fa-b34a-37db10457c7b,
87a8dfbf-6ddb-4020-8412-c744ee877dc8,b4ab8921-be4c-40bb-b59f-ae4008377aaf,154265f4-6843-43e6-b48a-48f242ba9b19,
6f21ffcb-bdee-4cae-aa6b-67c4fb843a14,b4ab8921-be4c-40bb-b59f-ae4008377aaf,206c2ed3-331b-41be-850e-62f20bba80f3,
a96649ca-9350-461a-a072-d84f507c6d3b,b4ab8921-be4c-40bb-b59f-ae4008377aaf,2afc7fac-6562-4c54-bd6b-f138cd320e13,
2f0c8aff-dd0b-4c0d-9ddd-a41f19e86481,b4ab8921-be4c-40bb-b59f-ae4008377aaf,34590dc8-3c2c-464a-a38c-0c3f828019cc,
a9dff9c3-19c0-46bc-a8a1-e23e8c9d2d3b,b4ab8921-be4c-40bb-b59f-ae4008377aaf,351ffbc6-f634-45b4-8a92-7d735cd56578,
81116050-25f3-46fa-b7ff-993d68961894,b4ab8921-be4c-40bb-b59f-ae4008377aaf,370cbc62-4725-4254-904d-b5ac1b85e85b,
5e00b2d5-930b-42bf-be31-cc3d162e47b1,b4ab8921-be4c-40bb-b59f-ae4008377aaf,3d794928-b867-470b-93ac-4c4c56ce4dc9,
706d77ce-d3e2-4a9e-b30e-308840a67d7a,b4ab8921-be4c-40bb-b59f-ae4008377aaf,48bdf312-88a0-4b25-a781-00c2d1e27958,
edce72a7-760f-4eb2-b8f9-ebf5e75e780e,b4ab8921-be4c-40bb-b59f-ae4008377aaf,493aec53-20cf-416b-8314-5de6bd0dd47f,
9846a48d-46c5-4d28-9cc5-7b533abb8f30,b4ab8921-be4c-40bb-b59f-ae4008377aaf,4b50e9e0-69aa-41c7-832f-3e56d75e6065,
9c0c31fc-50c8-4bc1-8fd3-79940c8dc59c,b4ab8921-be4c-40bb-b59f-ae4008377aaf,550a1981-8647-4c68-a165-04d33aa2ded4,
f6ec0473-016c-4c64-b874-d352ddc94e28,b4ab8921-be4c-40bb-b59f-ae4008377aaf,6041717e-6550-4b2f-ad15-6bcaf363259f,
0d344a3f-58e0-4912-84ae-9e5ce3b60ab2,b4ab8921-be4c-40bb-b59f-ae4008377aaf,60c71513-f757-4ad1-a434-45a9d50ea883,
8a342ac9-ee03-4755-9b99-d9650842d6ee,b4ab8921-be4c-40bb-b59f-ae4008377aaf,68e92397-0197-40d7-a980-1e3d70276681,
ff4f4eb5-7c0e-4d4d-8eeb-f4fba793441a,b4ab8921-be4c-40bb-b59f-ae4008377aaf,7cbbd9fd-592d-44db-9b16-f9ab918557c0,
27d67c6e-260e-4a38-a714-40fa6c53b8be,b4ab8921-be4c-40bb-b59f-ae4008377aaf,7d5be7ab-80c8-4b2b-9820-c03c8a5922a3,
3422249e-e9e9-4cb4-9b4d-96e89c4678c9,b4ab8921-be4c-40bb-b59f-ae4008377aaf,83222eff-eb15-4f62-abd5-4d34383fc200,
1b29f24f-fa07-4ce1-bd33-17709cd6b20d,b4ab8921-be4c-40bb-b59f-ae4008377aaf,84627b9b-4584-41a8-ba71-723234f7885f,
44eee9bb-2bb0-403a-ab03-07826274c3dc,b4ab8921-be4c-40bb-b59f-ae4008377aaf,8a914c38-f273-4e1b-8ccb-4437eaf0fb9a,
e0d8a6a0-e202-4320-849c-1e5775f5098c,b4ab8921-be4c-40bb-b59f-ae4008377aaf,8f919079-bf06-4c48-9794-e14e179dbbdc,
b5a6e87a-cc9d-4965-8988-93d72af4c7db,b4ab8921-be4c-40bb-b59f-ae4008377aaf,954895ae-8dab-46fe-a97b-5143204810e0,
568c90d9-0210-4c94-b2c9-f67341e712b4,b4ab8921-be4c-40bb-b59f-ae4008377aaf,95b322a2-c2ac-4465-b8ca-a78771ea571f,
29617610-d969-4a0f-9667-11b72612b828,b4ab8921-be4c-40bb-b59f-ae4008377aaf,a848cd64-c8a4-4189-9a29-96a54f84a077,
16aaf70a-afd6-425c-bcc9-5b7ddd44a314,b4ab8921-be4c-40bb-b59f-ae4008377aaf,ab84cff6-14f2-4d85-9653-d087e3e82629,
accff84d-965d-4aa0-9b6f-88e18417bd6a,b4ab8921-be4c-40bb-b59f-ae4008377aaf,b19984bb-0c47-4fa8-99e5-f39b3c01d026,
27081b88-2ad8-40c8-971f-14c4d554b4c1,b4ab8921-be4c-40bb-b59f-ae4008377aaf,b9d01a87-a7ad-4d01-9ff6-c218270e722f,
4dc4f87f-0d17-4de5-b009-6b1a10854144,b4ab8921-be4c-40bb-b59f-ae4008377aaf,bc60ae18-9157-4518-a8c1-24873a313979,
0b36c86d-d4c6-4b3e-a9e2-4eb97375a844,b4ab8921-be4c-40bb-b59f-ae4008377aaf,c620daf8-6790-41e4-b838-89d93d010dfd,
a7f04074-9c5e-474a-8370-f4482c99155a,b4ab8921-be4c-40bb-b59f-ae4008377aaf,cd19717f-3f45-455d-9873-ee62427e1d99,
8995f875-55de-43f8-ba42-cc15e0d6f431,b4ab8921-be4c-40bb-b59f-ae4008377aaf,e940ea5b-cec5-4078-a683-637716d5ea24,
ce70f2d7-bc28-4c3d-9745-17047dcfc9ff,b4ab8921-be4c-40bb-b59f-ae4008377aaf,eeb51413-de0c-47ac-91d0-15cefbff9eb5,
853a707f-713c-4214-a0f6-b80d781690eb,b4ab8921-be4c-40bb-b59f-ae4008377aaf,f40d73ca-1932-41e1-9485-85536b04e7fb,
2a43a148-4e52-4e81-8a19-bd31a6ed5060,b4ab8921-be4c-40bb-b59f-ae4008377aaf,f8d2f94d-cc35-4f69-826e-18e99dc77ba4,
81fd9797-a825-4b70-b2b8-537f0b73dd8b,bbfa527d-5c4f-41b2-8d1b-f38306a64359,8f7a4499-4e01-47b0-b947-62a48180291b,
35af1474-9c3a-4165-893e-f6b661a3fb36,bbfa527d-5c4f-41b2-8d1b-f38306a64359,a18cae4a-acc9-4b7e-ab98-bba715d013c7,
cc94f2bf-fee5-4afd-89db-434befb9b08a,bbfa527d-5c4f-41b2-8d1b-f38306a64359,e9ea852e-5905-4f7a-abd5-752847d9f354,
68062448-6421-4f6b-a66c-f6b8dfe40153,c86b7dde-112c-496c-a992-a8ad68e4d3ae,9f2c508d-7530-470e-97f4-516ec516aafb,
4c9dcdea-3c87-490c-ad0b-95afc28611ae,c86b7dde-112c-496c-a992-a8ad68e4d3ae,ed05553e-a4ef-4ab6-a4ef-0e4ad135310d,
b4c8412e-c352-496c-88e3-5e711f7de31e,cb6bec1c-8d3a-43df-8ebd-9d22f05b9d94,,46feb571-6f0d-4ba9-93ef-5fa50d7d6c8b
c898abc2-e4d1-48f0-8df4-74b251b8c959,cbcfae69-7fe6-4104-b3f0-6aa52e4d05eb,2be681b2-4f36-4b07-b6da-b7f95f4e3cb9,
4f136cbe-d056-4a15-9c3e-1cb3a36c596e,cbcfae69-7fe6-4104-b3f0-6aa52e4d05eb,a0beddac-cf5e-47fe-8a68-464dbba474d0,
4ffc372d-3e67-4995-9883-451628648c76,cc003100-b5d1-4b46-8787-faeaceb08064,,a7670cc4-4230-49bb-a919-9a940034b4bd
361de530-65cd-48a4-8376-f5a05f3cef19,ceeb5c6a-f6de-4730-beb8-79895fb9edd3,0105414c-8ea1-483a-8343-8068f092c2db,
06ed64cb-08db-48a6-ae89-b696b5bcaf1c,ceeb5c6a-f6de-4730-beb8-79895fb9edd3,2e9e14c4-6b00-48c0-ba18-7047f3b5a63f,
a4b5631f-4b9a-4fed-82ad-656308df2e6d,ceeb5c6a-f6de-4730-beb8-79895fb9edd3,469bc605-c0d4-4f34-89be-74c99cd1bccf,
f12a8310-ece9-4bd7-bac2-35662fc150f1,ceeb5c6a-f6de-4730-beb8-79895fb9edd3,50e36967-148c-4a94-8013-dd9e8198f491,
d58baa2d-c9a4-436b-886e-632cc9ffd926,ceeb5c6a-f6de-4730-beb8-79895fb9edd3,724bd797-08a1-4a5c-bf1c-4bba3bef360b,
9fb023c5-7d88-47d9-8c32-9f4ff14accac,ceeb5c6a-f6de-4730-beb8-79895fb9edd3,7fdc5fd2-4748-49df-a2f4-d8e2343bc1b4,
2b2c76c4-3786-4e35-9246-c34ed8778583,ceeb5c6a-f6de-4730-beb8-79895fb9edd3,825a4e61-57e3-4288-996f-3583a04896ac,
d84706c2-c98f-4a56-9775-c97414d0f3cb,ceeb5c6a-f6de-4730-beb8-79895fb9edd3,86945199-a2a2-43f9-9fd2-7cb5df036d4d,
2e214b09-ae31-4246-9266-11503c21f265,ceeb5c6a-f6de-4730-beb8-79895fb9edd3,90819eae-08cb-4f30-956b-332239bef203,
dc8e70d6-e91b-48bd-aff9-9fbca3b1ef0d,ceeb5c6a-f6de-4730-beb8-79895fb9edd3,9ce62ff1-ad3d-443f-9139-c5af1ee4ff70,
ccd2d2d1-6fa2-4887-9c3f-54403842fb80,ceeb5c6a-f6de-4730-beb8-79895fb9edd3,9f56afe3-3003-493e-854f-4c5d7cd33745,
9dfea253-d4f7-48e7-b903-8283f46a01ee,ceeb5c6a-f6de-4730-beb8-79895fb9edd3,a176338c-6f01-4a8f-8923-52729cfc559c,
76001d8e-1791-47f9-b7f3-44f1427e47f8,ceeb5c6a-f6de-4730-beb8-79895fb9edd3,c46e55f6-ce27-40cc-ad8d-cb938553c0ae,
eaf27c25-2144-43bf-9589-19447806c7ee,ceeb5c6a-f6de-4730-beb8-79895fb9edd3,c78abd94-e21b-4e52-af28-f4e39ecb2bee,
6c2a7093-0624-461f-817a-2f8ebac6e954,ceeb5c6a-f6de-4730-beb8-79895fb9edd3,ce007cbc-5fba-4c6f-9600-5a589d33b9d8,
561f8dd6-268e-4332-a3b6-dfc80645087b,ceeb5c6a-f6de-4730-beb8-79895fb9edd3,dff5b332-da8a-437d-91e8-87ef7acc658d,
614d7c3c-6053-4eb7-b73b-4871af405733,ceeb5c6a-f6de-4730-beb8-79895fb9edd3,efeb09f0-6f8b-438a-ac72-c3ee260bef8b,
a9f86582-7e0c-459b-be89-c624a7180762,d5bcef64-8c1d-46bc-bd33-a839387224ae,0420c0bd-7a46-4e7d-a2e1-d2d824dfbbe5,
51252010-fdb3-4f4d-ac0a-1f2b4d98caa7,d5bcef64-8c1d-46bc-bd33-a839387224ae,05b7f822-f963-4559-b71f-56e982d7f61e,
6f2715d7-107c-461b-9070-09d6de6c89ae,d5bcef64-8c1d-46bc-bd33-a839387224ae,074a0156-2241-4722-87f5-987e2d0e19fd,
6fd96b0f-e7b6-482c-86fe-1326dee7a8f3,d5bcef64-8c1d-46bc-bd33-a839387224ae,0dc2a8fd-6b60-4933-a1fa-ba5061df01a6,
8d329e14-ac24-4afc-982a-de1808e5bc3e,d5bcef64-8c1d-46bc-bd33-a839387224ae,16da3eb3-cad5-44d7-a759-f88ee71455ed,
47d72d6e-82dd-422d-9f07-b7110a814867,d5bcef64-8c1d-46bc-bd33-a839387224ae,1aaf3150-58fc-49ea-a43d-c934dd3f1352,
54705e19-6024-419e-bb5a-505a35a130c8,d5bcef64-8c1d-46bc-bd33-a839387224ae,229d0b58-d6a2-41b9-8b99-b29408515a0d,
ae58f776-b629-4527-ab7e-2edb08601015,d5bcef64-8c1d-46bc-bd33-a839387224ae,23492664-0535-4592-907a-444846d90ae1,
f941830f-67f2-45e7-a590-a9951c6f5028,d5bcef64-8c1d-46bc-bd33-a839387224ae,2816200b-7efa-4f37-bb05-2f231d5cccce,
6939bbec-dced-4483-ab0e-4b86e1163489,d5bcef64-8c1d-46bc-bd33-a839387224ae,311379d4-5405-470c-84d9-c9dd390b8f15,
27d4e8ff-6ee0-4588-9c3a-ca8792d94d35,d5bcef64-8c1d-46bc-bd33-a839387224ae,3ad28bd1-c9eb-4240-88b0-88fd75b86a0f,
33d3afff-2fb9-432a-a726-87650f1af403,d5bcef64-8c1d-46bc-bd33-a839387224ae,401b4fce-fe79-4c8f-96bf-1c03a5850d72,
807606fb-4405-4aaf-aac7-94bbf80f70a6,d5bcef64-8c1d-46bc-bd33-a839387224ae,41a60b68-7754-4cb5-a8f7-b0e44b5b7f6b,
6af63cb4-497b-4f34-8b0b-3a91b60ee8dd,d5bcef64-8c1d-46bc-bd33-a839387224ae,42803eda-8ecb-479e-8827-f16ba011bee6,
46ce92d1-1154-43b7-936b-7fa426c68bf2,d5bcef64-8c1d-46bc-bd33-a839387224ae,4ca3d96d-7116-41c4-b614-5a4b7d87c9e2,
05f27b86-b9f2-43d3-935f-b49d8a9da0c2,d5bcef64-8c1d-46bc-bd33-a839387224ae,4d609a21-ca99-422f-99a0-8129a806b42d,
d0b668fa-b582-4859-b947-b11a65f14795,d5bcef64-8c1d-46bc-bd33-a839387224ae,4ee33410-9c39-4315-a55c-9f3ae2626cf6,
491d30c6-ab5a-46d1-924d-017b8d7b723f,d5bcef64-8c1d-46bc-bd33-a839387224ae,5583c494-8673-4dbf-973a-c6d4b50db2a8,
992d5cc1-dc94-4bae-b30f-3fd3c9d3c45d,d5bcef64-8c1d-46bc-bd33-a839387224ae,587b4dde-383a-41b2-85af-24a1207fa2d8,
6e34b0ed-c247-4dbc-b843-c43894fef5c1,d5bcef64-8c1d-46bc-bd33-a839387224ae,5ac83f69-0e8f-46fe-9e12-64fcb55938ab,
83f8cc6e-ef2c-4464-b6d7-5de389349467,d5bcef64-8c1d-46bc-bd33-a839387224ae,5d4d403e-d5d9-4c44-b2af-ee2634724af3,
a8486ece-c0d7-4ba6-b709-e74f48a4d961,d5bcef64-8c1d-46bc-bd33-a839387224ae,5f162287-4f6b-4401-8d73-dc002af11c51,
1c4508f0-0410-412b-a37b-fb4bd1d97b4f,d5bcef64-8c1d-46bc-bd33-a839387224ae,5fbebc43-dd3a-4b8b-a021-5e9bba21f55f,
1fe938bc-4c07-472f-9bf7-2b405d4d4512,d5bcef64-8c1d-46bc-bd33-a839387224ae,603afaf2-87ed-44a5-a2c7-b84261825321,
47d93f97-f3b5-418f-b106-01d05fc0b4fa,d5bcef64-8c1d-46bc-bd33-a839387224ae,608e3927-ce2c-40af-b0d4-bc8475a35fa6,
3e9e74af-d8bf-4571-8698-94fcab746815,d5bcef64-8c1d-46bc-bd33-a839387224ae,626603de-3058-49d9-a2b4-609b7b2cd7a7,
d45d6b7c-c7bb-451e-b239-ae4418bffa96,d5bcef64-8c1d-46bc-bd33-a839387224ae,780f503b-b00c-41bd-b494-825bf2ff1251,
7d3c13af-c8a3-49f6-8f09-b663af243ff5,d5bcef64-8c1d-46bc-bd33-a839387224ae,7bff85a4-fb29-4056-a440-2f45af4b0cd0,
ecb68d37-611e-48bc-ae2f-e05aaf3f9432,d5bcef64-8c1d-46bc-bd33-a839387224ae,7c30485d-75e6-434b-9d0c-a4eb009bed4f,
22d5d3d9-0530-4fff-bf7c-46664e573edb,d5bcef64-8c1d-46bc-bd33-a839387224ae,807d38e9-c32e-4fe5-817f-86b112993d30,
3a75b223-5d45-459c-8fac-1b8ab05fec8e,d5bcef64-8c1d-46bc-bd33-a839387224ae,824562f1-fb76-47a0-989c-31d361b2cfee,
c8d7eb1c-3fc7-427b-bc99-31f9149fa0be,d5bcef64-8c1d-46bc-bd33-a839387224ae,8485ad6c-7937-4fb6-9124-1249f9e0b502,
4fe62a0e-a8af-497a-886f-eef684049097,d5bcef64-8c1d-46bc-bd33-a839387224ae,862e7e32-2e00-43b9-8715-f172cb9bdc11,
a741773d-dee3-4741-ac2e-e5f603299fe4,d5bcef64-8c1d-46bc-bd33-a839387224ae,8938669c-2ea1-4a76-909c-9fb24285c8ec,
5530d61f-8a1f-43a6-a121-150133bc595c,d5bcef64-8c1d-46bc-bd33-a839387224ae,8f262f54-3b11-4ed1-a004-04e191d7b1ab,
50c763a6-e3b2-45f6-931d-e63aa0cd20a5,d5bcef64-8c1d-46bc-bd33-a839387224ae,8f6e1fcd-41cf-4f78-a5f7-c43ff1b793ba,
a24d415c-d614-4821-b24d-d1ff5cb071ba,d5bcef64-8c1d-46bc-bd33-a839387224ae,97263e4b-c8da-4deb-8fbb-47619f45d7fd,
c5ca78d0-9e1f-411d-a417-34b24fe75c2b,d5bcef64-8c1d-46bc-bd33-a839387224ae,98560096-bed2-413c-84a9-966a099f1fde,
0a4d731d-4aae-4c53-8e0a-9e97fe439529,d5bcef64-8c1d-46bc-bd33-a839387224ae,986eab95-b561-43ab-8200-ac4f86e877bc,
afa0e510-1c94-4c9e-be8c-b4b916355ae6,d5bcef64-8c1d-46bc-bd33-a839387224ae,9b939af8-adab-4e0d-af29-e351fc702a7d,
b753c01d-f4a3-435f-b1c3-921fa13d1166,d5bcef64-8c1d-46bc-bd33-a839387224ae,9d2ffe09-e145-4d26-b00b-f70ccf5961fc,
b7a4f14a-b388-4d57-a07b-55ac77094bb5,d5bcef64-8c1d-46bc-bd33-a839387224ae,9d554523-6947-4266-ae40-b382567582eb,
ee40cb82-227c-411f-b118-7e72d79e69a9,d5bcef64-8c1d-46bc-bd33-a839387224ae,a12aa10c-2f54-40d9-ab1b-37c887cc6075,
792cd436-3d9e-4e1a-85e3-54b75e9dcb87,d5bcef64-8c1d-46bc-bd33-a839387224ae,a46a4be6-b3ed-4611-a6cf-a95b99c6b6bf,
ac396032-072e-4f16-ad38-bcf954e85966,d5bcef64-8c1d-46bc-bd33-a839387224ae,a79a1baa-c944-4a5f-bfe2-6aec00d102c6,
85cc6180-c4a4-4be3-af68-fa38d861a29b,d5bcef64-8c1d-46bc-bd33-a839387224ae,ae8aaaa1-b874-4239-9a11-25154e020d45,
171c4757-cfaf-4fe7-bc2a-a21cf9472b92,d5bcef64-8c1d-46bc-bd33-a839387224ae,b08502d2-d37b-4a68-860f-c302e9c935a5,
79d8787b-2d41-49d0-a98f-445146c8b437,d5bcef64-8c1d-46bc-bd33-a839387224ae,b380955c-542b-49e4-be2c-9a93b0e4ef3a,
3283629f-6166-4282-9648-62f4dd9f45ef,d5bcef64-8c1d-46bc-bd33-a839387224ae,b55a2dc5-82d8-43ab-967b-27fbbc4dd4f6,
945975b2-5f5e-43e7-a237-855b189f1256,d5bcef64-8c1d-46bc-bd33-a839387224ae,b988375c-ff9a-47e4-a4b6-4c318b2fe05b,
c8911215-7da5-45e1-8b6d-81aa7bfa3974,d5bcef64-8c1d-46bc-bd33-a839387224ae,bab91b74-4f57-4c1e-9745-cfc034258141,
6848e3fb-78a2-48b5-aff3-c240e3bfc0fe,d5bcef64-8c1d-46bc-bd33-a839387224ae,bb799c18-0860-4165-9bcc-722357475070,
d05c70ad-b449-4c57-8e8c-3c5298a3ebc5,d5bcef64-8c1d-46bc-bd33-a839387224ae,bbc22881-e62d-4bc0-9873-ee638d4307e4,
dc9cbb73-f583-48ed-9eec-3443cba3f84b,d5bcef64-8c1d-46bc-bd33-a839387224ae,bdc5b569-7b1d-42e9-86ca-fa8d757e8735,
ad4d74ca-78b4-44f1-8395-17d26aed9965,d5bcef64-8c1d-46bc-bd33-a839387224ae,c26b496a-5dda-44ca-978b-389e0f10cb89,
65252b7c-ddce-447b-8119-363211fe033c,d5bcef64-8c1d-46bc-bd33-a839387224ae,c31d1a05-25dd-4ad4-afe5-724adc059727,
b0349b36-ca0f-4bf4-81d7-bc5db7e319f5,d5bcef64-8c1d-46bc-bd33-a839387224ae,c71cefb8-ca03-4ac0-be2a-9cdf46e12c13,
9d730820-c16a-4b8d-acae-ba7d28868f77,d5bcef64-8c1d-46bc-bd33-a839387224ae,c7711ade-15b8-441c-bf93-9de845395e81,
0faca898-a4b5-4dcc-a05c-fd75d673c4de,d5bcef64-8c1d-46bc-bd33-a839387224ae,c9afaecd-a9c1-46be-a620-23b301b93e41,
6ce3cccc-7958-4ec4-94b9-666ff93bfea1,d5bcef64-8c1d-46bc-bd33-a839387224ae,cf6d06bf-d9e4-459e-ac25-db895256c66c,
3f053668-b793-4301-b3ba-4bdbc67cb85f,d5bcef64-8c1d-46bc-bd33-a839387224ae,cfddfe59-f7ed-437c-82cb-27f35a4b74dc,
7d864dc3-a5ee-4fd6-a5b5-19fedbe02f20,d5bcef64-8c1d-46bc-bd33-a839387224ae,d016b9a5-4559-4c1a-a7cb-521ea2cbbbd0,
3118ff65-c89c-434d-b0a6-648fcff0e503,d5bcef64-8c1d-46bc-bd33-a839387224ae,d201ab13-22b5-498e-8b56-98f5ec76531d,
d37bd89a-06af-45d8-8c0c-92653f56cca2,d5bcef64-8c1d-46bc-bd33-a839387224ae,db1c5259-6bcf-4e42-a4b4-7315adbe118e,
764258e2-e562-406a-a26b-f215b14b2413,d5bcef64-8c1d-46bc-bd33-a839387224ae,e40dc55c-c273-490b-aedb-7b67796b64da,
d7ed6851-2743-465a-8b0c-fa3db9ed4edb,d5bcef64-8c1d-46bc-bd33-a839387224ae,e51d8fb4-b92d-4693-b085-245e866904e2,
b4904a26-4969-454a-9a0e-9a0a4af16cb7,d5bcef64-8c1d-46bc-bd33-a839387224ae,e58027f6-f040-40ad-be93-13ce4c620b05,
8ef1ad03-fb5b-44d4-ba13-8e8f1528c88e,d5bcef64-8c1d-46bc-bd33-a839387224ae,e9e5103f-4459-4270-9935-a403ceda150c,
7bf07c0f-73d2-4887-a879-cb2ced267a7f,d5bcef64-8c1d-46bc-bd33-a839387224ae,eacb1c8b-4593-489b-a4b1-aab4c9d1afe2,
2ddbd0cf-d50d-45ac-bf81-307f1a969a9c,d5bcef64-8c1d-46bc-bd33-a839387224ae,efd6f4f9-773c-4dc4-a7b8-910ed21c085f,
1574cff3-f9bb-46f7-990c-c92e87fbb978,d5bcef64-8c1d-46bc-bd33-a839387224ae,f4356733-ee43-4d87-b76d-066c846cf77e,
b5b0413b-5fd2-4c8c-aa28-87abd42bb1ff,d5bcef64-8c1d-46bc-bd33-a839387224ae,fafd6e7c-a973-4fc6-8c81-939c9fa2b550,
52994e71-e969-461e-ad5b-86d92fd325f5,d5bcef64-8c1d-46bc-bd33-a839387224ae,ffb73085-355b-4020-91b6-b76d65a8ef16,
3daa8b28-2491-4c8e-a40b-039b5d31b720,dd79e1a0-117b-4d67-a9b1-63b39506d18e,166579f4-da93-420e-a389-6e91faf85221,
09d807f8-65ce-4be2-809b-8b8d83355c9b,dd79e1a0-117b-4d67-a9b1-63b39506d18e,560306c2-b678-4a66-98e3-b534adfce777,
7220b091-b0ba-4786-9767-8093176a0715,dd79e1a0-117b-4d67-a9b1-63b39506d18e,c586b514-70fc-4dd3-b815-ec8b3e252626,
16a83bf4-0c76-4257-a613-b2d50125f08f,e5f9b46e-ba8e-4ea1-8468-163e27e254ca,b78daa43-b690-4d72-98cb-17f6094f51cb,
d51b4dfb-a235-4750-886d-a6d6aa8e276e,f3b2f7e6-ff0e-48a6-b9f4-6616dcbf8008,0f2af00f-0cf3-4a26-8e8c-99ef24420fd4,
bb31ae88-2601-4a29-9222-b52804a7af5d,f3b2f7e6-ff0e-48a6-b9f4-6616dcbf8008,1010825e-7ad1-4b1e-a994-2f4986a6e5dc,
ab183854-dd81-4538-b262-888e2fa67b11,f3b2f7e6-ff0e-48a6-b9f4-6616dcbf8008,12df4485-ad5a-4d19-b8ac-087e06c90a6d,
0a3b87d1-7662-4d4f-8cd5-fbc7cac1efaa,f3b2f7e6-ff0e-48a6-b9f4-6616dcbf8008,136484c2-3d89-4d2d-953d-9d6b52ee37c5,
38dce75c-dd9a-4f22-93d4-3e1130cdb2d9,f3b2f7e6-ff0e-48a6-b9f4-6616dcbf8008,194ed990-71b9-4d22-aded-33f683407c93,
be5b7383-a90d-429f-88b4-c29294442eca,f3b2f7e6-ff0e-48a6-b9f4-6616dcbf8008,53344632-7355-481b-83ac-a6305518a94c,
bcaefbb4-653a-41d7-b741-49720e5be18c,f3b2f7e6-ff0e-48a6-b9f4-6616dcbf8008,76ea36e9-1a61-434c-8e79-0f971b0bc23e,
7bd9b94f-90bc-44fb-9363-c55c0267dac6,f3b2f7e6-ff0e-48a6-b9f4-6616dcbf8008,78f3f372-70f3-4355-892c-21397ae6b0ed,
9abe8109-6a87-4fe8-a225-73e6c714e0e2,f3b2f7e6-ff0e-48a6-b9f4-6616dcbf8008,91a9b6b1-ff6a-4ef9-8e85-a19c94cb31ac,
2ead0458-ee99-4ad8-9c54-464f51ff08eb,f3b2f7e6-ff0e-48a6-b9f4-6616dcbf8008,989aae07-b367-44af-8a71-01c655b3a0b1,
ae64c6b0-4cd0-483b-910f-32a6acb2ea5f,f3b2f7e6-ff0e-48a6-b9f4-6616dcbf8008,a8826dbd-45ea-4749-adc0-48ed69658c2b,
d0f273e9-c7ff-47c9-9731-b4c380cea65f,f3b2f7e6-ff0e-48a6-b9f4-6616dcbf8008,bf807306-2b39-414c-9dc3-6f28743235d6,
9d264a65-16bf-4b1f-9983-44ffb59e0663,f3b2f7e6-ff0e-48a6-b9f4-6616dcbf8008,db123d84-73f8-47a6-8699-6f96f4d484e8,
7b9d63df-7fb9-46ea-b447-9591df3ae9ce,f3b2f7e6-ff0e-48a6-b9f4-6616dcbf8008,f85f5212-49d2-4d74-a879-92d7ab7fc40b,
54ffa9da-7550-4a91-881b-9d31790835a4,f3b2f7e6-ff0e-48a6-b9f4-6616dcbf8008,fd47eaad-ccde-4a2c-99a6-af9e118b129b,
44c753d3-5323-413d-89cb-fcc77f72da5e,f3c4ce5e-48b3-485d-a675-7bdc9b218ca8,1b23416c-aae7-4132-a222-f66a5f165eeb,
378d46a5-7992-492f-8014-a4e00577747a,f3c4ce5e-48b3-485d-a675-7bdc9b218ca8,33d5666c-67e6-434b-b705-6c58a92124fa,
ceb5273e-8e27-41f5-8c15-4906724acb76,f3c4ce5e-48b3-485d-a675-7bdc9b218ca8,34c3c516-4dd7-480a-ba04-2b41034f2d95,
bbbc6d61-2aa3-4a30-a9d6-6b537e2da179,f3c4ce5e-48b3-485d-a675-7bdc9b218ca8,3e5f0101-771f-4dff-8550-2db180355beb,
06c0a41c-8c9a-43d0-80b2-90441475e05f,f3c4ce5e-48b3-485d-a675-7bdc9b218ca8,3f798a75-34db-40f4-aa98-ed075d249bb2,
92c008aa-a54a-4b0d-aa8b-ee191eae3b0c,f3c4ce5e-48b3-485d-a675-7bdc9b218ca8,44f2f54f-6133-4489-a7f1-7e705ccb2c02,
f6697024-a21b-4c23-a2ff-8d391b1409da,f3c4ce5e-48b3-485d-a675-7bdc9b218ca8,5de70fb6-d6b8-4078-8787-5e91d9124a90,
76553688-ae17-44b6-b74f-6cb0ec617ee3,f3c4ce5e-48b3-485d-a675-7bdc9b218ca8,6b828d7a-11b3-43c4-a819-c2f25b3bbf09,
8ce0a3e4-969d-4096-8dd3-c36983807c9b,f3c4ce5e-48b3-485d-a675-7bdc9b218ca8,746cdc06-2318-4150-9ad1-033457eb579a,
76078e1a-9aa9-4aa0-bbd6-6843b4cc70c9,f3c4ce5e-48b3-485d-a675-7bdc9b218ca8,773ed363-948c-4adb-bf49-c197497725d1,
95b180d2-b092-45e3-9da9-81d7dcfc9b14,f3c4ce5e-48b3-485d-a675-7bdc9b218ca8,77a16cf8-1629-45c6-8583-04c91f5ea429,
96ddef3b-bf05-4917-b1ef-26145eeab439,f3c4ce5e-48b3-485d-a675-7bdc9b218ca8,7a2ab79f-9143-4c61-9452-f5b48c3a1575,
b764d692-4a1d-4b70-ac09-eaaf59c344b8,f3c4ce5e-48b3-485d-a675-7bdc9b218ca8,7a7b8ba0-5415-4507-aae3-63181981ed1c,
85acb94f-3f2b-4407-b302-267361cd2464,f3c4ce5e-48b3-485d-a675-7bdc9b218ca8,8ced7292-f915-4341-914f-9e58eed05415,
010e8484-f188-4a7b-b44a-a37a48d55162,f3c4ce5e-48b3-485d-a675-7bdc9b218ca8,8dd8a8bc-cd30-4fda-b677-38e57fea3544,
2b55a1d7-8177-4319-bc70-ba0c2df15f8b,f3c4ce5e-48b3-485d-a675-7bdc9b218ca8,8f0e8112-616d-4958-9e50-fa743c91156c,
972a5854-72ee-43ea-abbc-91f06c5c4cd2,f3c4ce5e-48b3-485d-a675-7bdc9b218ca8,931ffa2e-f2ad-48c7-bcd1-2ead7e8af6a6,
76edc8bf-4b54-446e-9c5c-d0ebe352c1e5,f3c4ce5e-48b3-485d-a675-7bdc9b218ca8,ae81f59d-815d-48bf-8b53-f7da0dfad81f,
5f289c86-6578-4ab3-a0c8-c2cea9551301,f3c4ce5e-48b3-485d-a675-7bdc9b218ca8,b8338682-124a-4d20-bcf2-7fb196cb0d77,
6d7d6267-e092-4252-af95-2403da99ed21,f3c4ce5e-48b3-485d-a675-7bdc9b218ca8,d956ebd6-b0ce-45c0-b958-bd78428b3be4,
389850cb-a30c-4c18-96d3-b5219b9b23df,f3c4ce5e-48b3-485d-a675-7bdc9b218ca8,e8124793-73cb-4f55-926c-97aad1c6a789,
fbfdd5aa-241c-4ea2-ba4f-994502f516fb,fcbe0b70-ab87-474d-b654-e927e55d8979,019e8520-3aa3-443d-9eb7-d7acf1f967d6,
af427ee5-98cf-4fbe-b00a-fbead7d1dd67,fcbe0b70-ab87-474d-b654-e927e55d8979,3d018dca-bcda-4ecc-9fe4-6982d3f297b9,
e4966f9c-3028-449f-91eb-c78a9ca50e8d,fcbe0b70-ab87-474d-b654-e927e55d8979,47cdb83d-5679-4e41-a059-e36ed6624131,
d2f66d11-f76b-462c-bbff-5cc88e29f7e6,fcbe0b70-ab87-474d-b654-e927e55d8979,e2e3ca53-7a9b-417b-8520-974e732e0379,
